celebrity_name,ballroom_partner,celebrity_industry,celebrity_homestate,celebrity_homecountry/region,celebrity_age_during_season,season,results,placement,week1_judge1_score,week1_judge2_score,week1_judge3_score,week1_judge4_score,week2_judge1_score,week2_judge2_score,week2_judge3_score,week2_judge4_score,week3_judge1_score,week3_judge2_score,week3_judge3_score,week3_judge4_score,week4_judge1_score,week4_judge2_score,week4_judge3_score,week4_judge4_score,week5_judge1_score,week5_judge2_score,week5_judge3_score,week5_judge4_score,week6_judge1_score,week6_judge2_score,week6_judge3_score,week6_judge4_score,week7_judge1_score,week7_judge2_score,week7_judge3_score,week7_judge4_score,week8_judge1_score,week8_judge2_score,week8_judge3_score,week8_judge4_score,week9_judge1_score,week9_judge2_score,week9_judge3_score,week9_judge4_score,week10_judge1_score,week10_judge2_score,week10_judge3_score,week10_judge4_score,week11_judge1_score,week11_judge2_score,week11_judge3_score,week11_judge4_score
John O'Hurley,Charlotte Jorgensen,Actor/Actress,Maine,United States,50,1,2nd Place,2,7,7,6,N/A,8,9,9,N/A,9,8,7,N/A,7,8,6,N/A,9,9,9,N/A,9,9,9,N/A,N/A,N/A,N/A,N/A,N/A,N/A,N/A,N/A,N/A,N/A,N/A,N/A,N/A,N/A,N/A,N/A,N/A,N/A,N/A,N/A
Kelly Monaco,Alec Mazo,Actor/Actress,Pennsylvania,United States,29,1,1st Place,1,5,4,4,N/A,5,6,6,N/A,6,7,8,N/A,9,9,8,N/A,8.5,7.5,7.5,N/A,8.5,9.5,9.5,N/A,N/A,N/A,N/A,N/A,N/A,N/A,N/A,N/A,N/A,N/A,N/A,N/A,N/A,N/A,N/A,N/A,N/A,N/A,N/A,N/A
Evander Holyfield,Edyta Sliwinska,Athlete,Alabama,United States,42,1,Eliminated Week 3,5,5,7,6,N/A,5,4,5,N/A,5,4,4,N/A,0,0,0,N/A,0,0,0,N/A,0,0,0,N/A,N/A,N/A,N/A,N/A,N/A,N/A,N/A,N/A,N/A,N/A,N/A,N/A,N/A,N/A,N/A,N/A,N/A,N/A,N/A,N/A
Rachel Hunter,Jonathan Roberts,Model,,New Zealand,35,1,Eliminated Week 4,4,7,6,7,N/A,8,8,8,N/A,8,9,9,N/A,7,9,9,N/A,0,0,0,N/A,0,0,0,N/A,N/A,N/A,N/A,N/A,N/A,N/A,N/A,N/A,N/A,N/A,N/A,N/A,N/A,N/A,N/A,N/A,N/A,N/A,N/A,N/A
Joey McIntyre,Ashly DelGrosso,Singer/Rapper,Massachusetts,United States,32,1,3rd Place,3,7,7,6,N/A,8,7,6,N/A,7,7,8,N/A,7,6,7,N/A,8.5,7,7,N/A,0,0,0,N/A,N/A,N/A,N/A,N/A,N/A,N/A,N/A,N/A,N/A,N/A,N/A,N/A,N/A,N/A,N/A,N/A,N/A,N/A,N/A,N/A
Trista Sutter,Louis van Amstel,TV Personality,Indiana,United States,32,1,Eliminated Week 2,6,6,6,6,N/A,6,7,6,N/A,0,0,0,N/A,0,0,0,N/A,0,0,0,N/A,0,0,0,N/A,N/A,N/A,N/A,N/A,N/A,N/A,N/A,N/A,N/A,N/A,N/A,N/A,N/A,N/A,N/A,N/A,N/A,N/A,N/A,N/A
Tatum O'Neal,Nick Kosovich,Actor/Actress,California,United States,42,2,Eliminated Week 2,9,7,8,8,N/A,5,6,6,N/A,0,0,0,N/A,0,0,0,N/A,0,0,0,N/A,0,0,0,N/A,0,0,0,N/A,0,0,0,N/A,N/A,N/A,N/A,N/A,N/A,N/A,N/A,N/A,N/A,N/A,N/A,N/A
Tia Carrere,Maksim Chmerkoskiy,Actor/Actress,Hawaii,United States,39,2,Eliminated Week 5,6,6,7,7,N/A,7,8,7,N/A,9,8,9,N/A,9,8,8,N/A,7,7,8,N/A,0,0,0,N/A,0,0,0,N/A,0,0,0,N/A,N/A,N/A,N/A,N/A,N/A,N/A,N/A,N/A,N/A,N/A,N/A,N/A
George Hamilton,Edyta Sliwinska,Actor/Actress,Tennessee,United States,66,2,Eliminated Week 6,5,7,5,6,N/A,8,7,7,N/A,7,7,8,N/A,7,7,7,N/A,8,8,8,N/A,8,7,8,N/A,0,0,0,N/A,0,0,0,N/A,N/A,N/A,N/A,N/A,N/A,N/A,N/A,N/A,N/A,N/A,N/A,N/A
Lisa Rinna,Louis van Amstel,Actor/Actress,California,United States,42,2,Eliminated Week 7,4,5,7,7,N/A,6,7,7,N/A,8,8,9,N/A,9,9,8,N/A,7,9,9,N/A,9,9,9,N/A,8.5,9,9,N/A,0,0,0,N/A,N/A,N/A,N/A,N/A,N/A,N/A,N/A,N/A,N/A,N/A,N/A,N/A
Stacy Keibler,Tony Dovolani,Athlete,Maryland,United States,26,2,3rd Place,3,8,6,8,N/A,9,10,10,N/A,9,9,9,N/A,8,9,9,N/A,10,10,10,N/A,10,10,10,N/A,9,9,9.5,N/A,9.3333,9.6666,9.6666,N/A,N/A,N/A,N/A,N/A,N/A,N/A,N/A,N/A,N/A,N/A,N/A,N/A
Jerry Rice,Anna Trebunskaya,Athlete,Mississippi,United States,43,2,2nd Place,2,7,7,7,N/A,7,8,8,N/A,7,6,6,N/A,8,8,8,N/A,7,8,8,N/A,8,7,8,N/A,7,7,6.5,N/A,9,9,8.6666,N/A,N/A,N/A,N/A,N/A,N/A,N/A,N/A,N/A,N/A,N/A,N/A,N/A
Giselle Fernandez,Jonathan Roberts,News Anchor,,Mexico,44,2,Eliminated Week 3,8,7,8,8,N/A,8,8,8,N/A,7,8,7,N/A,0,0,0,N/A,0,0,0,N/A,0,0,0,N/A,0,0,0,N/A,0,0,0,N/A,N/A,N/A,N/A,N/A,N/A,N/A,N/A,N/A,N/A,N/A,N/A,N/A
Master P,Ashly DelGrosso,Singer/Rapper,Louisiana,United States,35,2,Eliminated Week 4,7,4,4,4,N/A,6,5,5,N/A,6,4,4,N/A,4,2,2,N/A,0,0,0,N/A,0,0,0,N/A,0,0,0,N/A,0,0,0,N/A,N/A,N/A,N/A,N/A,N/A,N/A,N/A,N/A,N/A,N/A,N/A,N/A
Drew Lachey,Cheryl Burke,Singer/Rapper,Ohio,United States,29,2,1st Place,1,8,8,8,N/A,9,9,9,N/A,9,9,9,N/A,9,9,10,N/A,9,9,9,N/A,10,10,10,N/A,9.5,9,9,N/A,9.6666,9.6666,9.6666,N/A,N/A,N/A,N/A,N/A,N/A,N/A,N/A,N/A,N/A,N/A,N/A,N/A
Kenny Mayne,Andrea Hale,Sports Broadcaster,Washington,United States,46,2,Eliminated Week 1,10,4,5,4,N/A,0,0,0,N/A,0,0,0,N/A,0,0,0,N/A,0,0,0,N/A,0,0,0,N/A,0,0,0,N/A,0,0,0,N/A,N/A,N/A,N/A,N/A,N/A,N/A,N/A,N/A,N/A,N/A,N/A,N/A
Harry Hamlin,Ashly DelGrosso,Actor/Actress,California,United States,54,3,Eliminated Week 3,9,5,6,6,N/A,7,7,7,N/A,7,8,7,N/A,0,0,0,N/A,0,0,0,N/A,0,0,0,N/A,0,0,0,N/A,0,0,0,N/A,0,0,0,N/A,0,0,0,N/A,N/A,N/A,N/A,N/A
Vivica A. Fox,Nick Kosovich,Actor/Actress,Indiana,United States,42,3,Eliminated Week 4,8,6,8,8,N/A,8,8,8,N/A,9,9,9,N/A,8,8,8,N/A,0,0,0,N/A,0,0,0,N/A,0,0,0,N/A,0,0,0,N/A,0,0,0,N/A,0,0,0,N/A,N/A,N/A,N/A,N/A
Monique Coleman,Louis van Amstel,Actor/Actress,South Carolina,United States,25,3,Eliminated Week 8,4,6,6,7,N/A,9,8,9,N/A,9,9,9,N/A,8,8,8,N/A,9,9,9,N/A,9,7,7,N/A,9,9,9,N/A,8.5,9,9,N/A,0,0,0,N/A,0,0,0,N/A,N/A,N/A,N/A,N/A
Joey Lawrence,Edyta Sliwinska,Actor/Actress,Pennsylvania,United States,30,3,3rd Place,3,7,7,7,N/A,10,9,10,N/A,8,6,8,N/A,9,9,9,N/A,8,8,9,N/A,8,8,8,N/A,9.5,9,10,N/A,9.5,8.5,9,N/A,9.5,10,10,N/A,0,0,0,N/A,N/A,N/A,N/A,N/A
Mario Lopez,Karina Smirnoff,Actor/Actress,California,United States,32,3,2nd Place,2,9,8,9,N/A,7,6,8,N/A,8,6,8,N/A,10,9,10,N/A,9,9,9,N/A,9,9,10,N/A,9.5,9,9.5,N/A,9.5,9,10,N/A,10,9.5,10,N/A,10,10,9.6666,N/A,N/A,N/A,N/A,N/A
Emmitt Smith,Cheryl Burke,Athlete,Florida,United States,37,3,1st Place,1,8,8,8,N/A,8,8,8,N/A,7,6,6,N/A,8,8,8,N/A,9,9,9,N/A,8,8,9,N/A,10,9.5,9,N/A,8.5,9,9.5,N/A,9.5,10,10,N/A,10,9.6666,10,N/A,N/A,N/A,N/A,N/A
Shanna Moakler,Jesse DeSoto,Model,Rhode Island,United States,31,3,Eliminated Week 2,10,7,5,6,N/A,8,7,7,N/A,0,0,0,N/A,0,0,0,N/A,0,0,0,N/A,0,0,0,N/A,0,0,0,N/A,0,0,0,N/A,0,0,0,N/A,0,0,0,N/A,N/A,N/A,N/A,N/A
Willa Ford,Maksim Chmerkoskiy,Singer/Rapper,Florida,United States,25,3,Eliminated Week 5,7,7,7,8,N/A,7,8,8,N/A,7,7,8,N/A,9,9,10,N/A,9,9,9,N/A,0,0,0,N/A,0,0,0,N/A,0,0,0,N/A,0,0,0,N/A,0,0,0,N/A,N/A,N/A,N/A,N/A
Sara Evans,Tony Dovolani,Singer/Rapper,Missouri,United States,35,3,Withdrew,6,5,5,5,N/A,7,7,7,N/A,8,9,8,N/A,6,7,7,N/A,8,8,8,N/A,0,0,0,N/A,0,0,0,N/A,0,0,0,N/A,0,0,0,N/A,0,0,0,N/A,N/A,N/A,N/A,N/A
Jerry Springer,Kym Johnson,TV Personality,,England,62,3,Eliminated Week 7,5,5,5,6,N/A,7,6,6,N/A,7,7,7,N/A,7,7,8,N/A,8,8,8,N/A,7,6,5,N/A,7.5,8,7.5,N/A,0,0,0,N/A,0,0,0,N/A,0,0,0,N/A,N/A,N/A,N/A,N/A
Tucker Carlson,Elena Grinenko,TV Personality,California,United States,37,3,Eliminated Week 1,11,5,4,3,N/A,0,0,0,N/A,0,0,0,N/A,0,0,0,N/A,0,0,0,N/A,0,0,0,N/A,0,0,0,N/A,0,0,0,N/A,0,0,0,N/A,0,0,0,N/A,N/A,N/A,N/A,N/A
John Ratzenberger,Edyta Sliwinska,Actor/Actress,Connecticut,United States,59,4,Eliminated Week 7,6,6,5,6,N/A,7,7,7,N/A,7,6,7,N/A,6,5,5,N/A,6,6,6,N/A,7,6,6,N/A,7.5,7.5,7.5,N/A,0,0,0,N/A,0,0,0,N/A,0,0,0,N/A,N/A,N/A,N/A,N/A
Ian Ziering,Cheryl Burke,Actor/Actress,New Jersey,United States,42,4,Eliminated Week 9,4,7,7,7,N/A,7,8,7,N/A,8,8,8,N/A,7,9,8,N/A,8,8,8,N/A,8,8,8,N/A,9,9,9,N/A,8,7.5,8,N/A,9.5,10,9.5,N/A,0,0,0,N/A,N/A,N/A,N/A,N/A
Clyde Drexler,Elena Grinenko,Athlete,Louisiana,United States,44,4,Eliminated Week 5,8,6,5,5,N/A,6,6,6,N/A,6,5,5,N/A,6,4,5,N/A,4,5,4,N/A,0,0,0,N/A,0,0,0,N/A,0,0,0,N/A,0,0,0,N/A,0,0,0,N/A,N/A,N/A,N/A,N/A
Laila Ali,Maksim Chmerkoskiy,Athlete,Florida,United States,29,4,3rd Place,3,7,8,8,N/A,9,9,9,N/A,7,7,7,N/A,7,7,7,N/A,9,10,9,N/A,9,9,10,N/A,10,9.5,10,N/A,9,8.5,9,N/A,10,10,10,N/A,9.6666,9,9.6666,N/A,N/A,N/A,N/A,N/A
Apolo Anton Ohno,Julianne Hough,Athlete,Washington,United States,24,4,1st Place,1,7,7,7,N/A,8,9,9,N/A,7,8,8,N/A,9,8,9,N/A,10,10,10,N/A,9,9,10,N/A,9,8.5,9.5,N/A,10,9,10,N/A,10,9.5,10,N/A,9.6666,9.6666,10,N/A,N/A,N/A,N/A,N/A
Shandi Finnessey,Brian Fortuna,Beauty Pagent,Missouri,United States,28,4,Eliminated Week 3,10,6,6,7,N/A,6,7,7,N/A,7,7,7,N/A,0,0,0,N/A,0,0,0,N/A,0,0,0,N/A,0,0,0,N/A,0,0,0,N/A,0,0,0,N/A,0,0,0,N/A,N/A,N/A,N/A,N/A
Paulina Porizkova,Alec Mazo,Model,,Czechoslovakia,41,4,Eliminated Week 2,11,6,6,7,N/A,7,7,7,N/A,0,0,0,N/A,0,0,0,N/A,0,0,0,N/A,0,0,0,N/A,0,0,0,N/A,0,0,0,N/A,0,0,0,N/A,0,0,0,N/A,N/A,N/A,N/A,N/A
Heather Mills,Jonathan Roberts,Model,,England,39,4,Eliminated Week 6,7,6,6,6,N/A,8,8,8,N/A,8,8,8,N/A,7,8,8,N/A,7,7,7,N/A,7,8,8,N/A,0,0,0,N/A,0,0,0,N/A,0,0,0,N/A,0,0,0,N/A,N/A,N/A,N/A,N/A
Billy Ray Cyrus,Karina Smirnoff,Singer/Rapper,Kentucky,United States,45,4,Eliminated Week 8,5,5,4,4,N/A,7,7,7,N/A,7,7,7,N/A,7,7,7,N/A,6,6,5,N/A,7,7,7,N/A,6,6.5,6.5,N/A,6.5,6.5,6,N/A,0,0,0,N/A,0,0,0,N/A,N/A,N/A,N/A,N/A
Joey Fatone,Kym Johnson,Singer/Rapper,New York,United States,30,4,2nd Place,2,8,8,8,N/A,8,8,8,N/A,8,8,8,N/A,10,9,9,N/A,8,8,9,N/A,9,9,9,N/A,10,9.5,10,N/A,9.5,9,9,N/A,10,10,10,N/A,9.6666,9.3333,9.6666,N/A,N/A,N/A,N/A,N/A
Leeza Gibbons,Tony Dovolani,TV Personality,South Carolina,United States,50,4,Eliminated Week 4,9,5,5,5,N/A,7,7,7,N/A,8,8,8,N/A,6,5,5,N/A,0,0,0,N/A,0,0,0,N/A,0,0,0,N/A,0,0,0,N/A,0,0,0,N/A,0,0,0,N/A,N/A,N/A,N/A,N/A
Cameron Mathison,Edyta Sliwinska,Actor/Actress,,Canada,38,5,Eliminated Week 8,5,7,7,7,N/A,7,7,7,N/A,8,7,8,N/A,9,9,9,N/A,8,9,9,N/A,9,8,8,N/A,8.5,8.5,8.5,N/A,8.5,8.5,8.5,N/A,0,0,0,N/A,0,0,0,N/A,N/A,N/A,N/A,N/A
Jane Seymour,Tony Dovolani,Actor/Actress,,England,56,5,Eliminated Week 7,6,8,8,8,N/A,7,7,7,N/A,9,9,9,N/A,8,9,9,N/A,8,9,9,N/A,8,7,7,N/A,8,8.5,8.5,N/A,0,0,0,N/A,0,0,0,N/A,0,0,0,N/A,N/A,N/A,N/A,N/A
Sabrina Bryan,Mark Ballas,Actor/Actress,California,United States,23,5,Eliminated Week 6,7,9,8,9,N/A,9,8,9,N/A,9,9,9,N/A,10,10,10,N/A,9,9,10,N/A,9,8,8,N/A,0,0,0,N/A,0,0,0,N/A,0,0,0,N/A,0,0,0,N/A,N/A,N/A,N/A,N/A
Jennie Garth,Derek Hough,Actor/Actress,Illinois,United States,35,5,Eliminated Week 9,4,7,7,7,N/A,7,7,7,N/A,9,8,9,N/A,8,10,9,N/A,8,9,8,N/A,9,9,9,N/A,8.5,8.5,9.5,N/A,8.5,8.5,8,N/A,9.5,10,9.5,N/A,0,0,0,N/A,N/A,N/A,N/A,N/A
Floyd Mayweather Jr. ,Karina Smirnoff,Athlete,Michigan,United States,30,5,Eliminated Week 4,9,6,6,6,N/A,7,7,7,N/A,7,7,7,N/A,7,8,8,N/A,0,0,0,N/A,0,0,0,N/A,0,0,0,N/A,0,0,0,N/A,0,0,0,N/A,0,0,0,N/A,N/A,N/A,N/A,N/A
Josie Maran,Alec Mazo,Model,California,United States,29,5,Eliminated Week 1,12,6,5,5,N/A,0,0,0,N/A,0,0,0,N/A,0,0,0,N/A,0,0,0,N/A,0,0,0,N/A,0,0,0,N/A,0,0,0,N/A,0,0,0,N/A,0,0,0,N/A,N/A,N/A,N/A,N/A
Albert Reed,Anna Trebunskaya,Model,Florida,United States,22,5,Eliminated Week 2,11,7,7,7,N/A,7,7,7,N/A,0,0,0,N/A,0,0,0,N/A,0,0,0,N/A,0,0,0,N/A,0,0,0,N/A,0,0,0,N/A,0,0,0,N/A,0,0,0,N/A,N/A,N/A,N/A,N/A
Helio Castroneves,Julianne Hough,Racing Driver,,Brazil,32,5,1st Place,1,8,9,8,N/A,9,9,9,N/A,8,8,8,N/A,9,9,9,N/A,8,7,8,N/A,9,10,9,N/A,9,8.5,8.5,N/A,9.5,9.5,9.5,N/A,10,10,10,N/A,9,9.3333,9.6666,N/A,N/A,N/A,N/A,N/A
Mel B,Maksim Chmerkoskiy,Singer/Rapper,,England,32,5,2nd Place,2,8,8,8,N/A,7,8,8,N/A,9,9,9,N/A,8,9,9,N/A,10,9,10,N/A,10,10,10,N/A,9,9,9,N/A,9,9.5,9.5,N/A,10,10,10,N/A,9.3333,9.3333,9.6666,N/A,N/A,N/A,N/A,N/A
Wayne Newton,Cheryl Burke,Singer/Rapper,Virginia,United States,65,5,Eliminated Week 3,10,6,7,6,N/A,5,5,5,N/A,6,6,6,N/A,0,0,0,N/A,0,0,0,N/A,0,0,0,N/A,0,0,0,N/A,0,0,0,N/A,0,0,0,N/A,0,0,0,N/A,N/A,N/A,N/A,N/A
Marie Osmond,Jonathan Roberts,Singer/Rapper,Utah,United States,47,5,3rd Place,3,7,7,7,N/A,8,8,8,N/A,9,8,9,N/A,9,9,8,N/A,7,7,7,N/A,8,8,7,N/A,9,8.5,8.5,N/A,8,8.5,8,N/A,9.5,9.5,9,N/A,8,7.5,7.5,N/A,N/A,N/A,N/A,N/A
Mark Cuban,Kym Johnson,TV Personality,Pennsylvania,United States,49,5,Eliminated Week 5,8,7,7,7,N/A,6,6,6,N/A,6,7,7,N/A,7,8,7,N/A,7,7,7,N/A,0,0,0,N/A,0,0,0,N/A,0,0,0,N/A,0,0,0,N/A,0,0,0,N/A,N/A,N/A,N/A,N/A
Cristian de la Fuente,Cheryl Burke,Actor/Actress,,Chile,34,6,3rd Place,3,7,7,7,N/A,7,6,7,N/A,8,8,9,N/A,9,8,9,N/A,7,8,8,N/A,9,9,9,N/A,7.5,7.5,8,N/A,10,9,9.5,N/A,9.5,9,9.5,N/A,9,8,9,N/A,N/A,N/A,N/A,N/A
Steve Guttenberg,Anna Trebunskaya,Actor/Actress,New York,United States,49,6,Eliminated Week 3,10,6,6,6,N/A,6,5,5,N/A,7,7,7,N/A,0,0,0,N/A,0,0,0,N/A,0,0,0,N/A,0,0,0,N/A,0,0,0,N/A,0,0,0,N/A,0,0,0,N/A,N/A,N/A,N/A,N/A
Priscilla Presley,Louis van Amstel,Actor/Actress,New York,United States,62,6,Eliminated Week 5,8,8,8,8,N/A,7,7,7,N/A,8,9,9,N/A,7,7,8,N/A,7,7,7,N/A,0,0,0,N/A,0,0,0,N/A,0,0,0,N/A,0,0,0,N/A,0,0,0,N/A,N/A,N/A,N/A,N/A
Marlee Matlin,Fabian Sanchez,Actor/Actress,Illinois,United States,42,6,Eliminated Week 6,7,7,7,8,N/A,8,8,8,N/A,7,7,7,N/A,8,8,8,N/A,7,7,8,N/A,7,7,7,N/A,0,0,0,N/A,0,0,0,N/A,0,0,0,N/A,0,0,0,N/A,N/A,N/A,N/A,N/A
Shannon Elizabeth,Derek Hough,Actor/Actress,Texas,United States,34,6,Eliminated Week 7,6,7,7,7,N/A,8,8,8,N/A,8,8,8,N/A,9,10,9,N/A,8,8,7,N/A,8,8,8,N/A,8.5,8.5,8.5,N/A,0,0,0,N/A,0,0,0,N/A,0,0,0,N/A,N/A,N/A,N/A,N/A
Marissa Jaret Winokur,Tony Dovolani,Actor/Actress,New York,United States,35,6,Eliminated Week 9,4,6,6,6,N/A,7,7,7,N/A,6,7,6,N/A,8,8,8,N/A,8,8,8,N/A,9,8,9,N/A,9,8.5,8.5,N/A,8.5,8,8.5,N/A,8.5,9,8.5,N/A,0,0,0,N/A,N/A,N/A,N/A,N/A
Jason Taylor,Edyta Sliwinska,Athlete,Pennsylvania,United States,33,6,2nd Place,2,7,8,7,N/A,9,9,9,N/A,8,7,8,N/A,10,9,10,N/A,9,9,9,N/A,8,8,8,N/A,9.5,8.5,9.5,N/A,9,8,9,N/A,9,9.5,9,N/A,9.5,9.5,9.5,N/A,N/A,N/A,N/A,N/A
Kristi Yamaguchi,Mark Ballas,Athlete,California,United States,36,6,1st Place,1,9,9,9,N/A,9,9,9,N/A,9,9,9,N/A,10,9,10,N/A,9,10,10,N/A,10,10,10,N/A,9.5,8,9.5,N/A,8.5,9.5,9.5,N/A,9.5,9,10,N/A,10,10,10,N/A,N/A,N/A,N/A,N/A
Monica Seles,Jonathan Roberts,Athlete,,Yugoslavia,34,6,Eliminated Week 2,11,5,5,5,N/A,5,5,5,N/A,0,0,0,N/A,0,0,0,N/A,0,0,0,N/A,0,0,0,N/A,0,0,0,N/A,0,0,0,N/A,0,0,0,N/A,0,0,0,N/A,N/A,N/A,N/A,N/A
Penn Jillette,Kym Johnson,Magician,Massachusetts,United States,53,6,Eliminated Week 2,12,5,6,5,N/A,6,6,5,N/A,0,0,0,N/A,0,0,0,N/A,0,0,0,N/A,0,0,0,N/A,0,0,0,N/A,0,0,0,N/A,0,0,0,N/A,0,0,0,N/A,N/A,N/A,N/A,N/A
Adam Carolla,Julianne Hough,Radio Personality,California,United States,43,6,Eliminated Week 4,9,5,5,5,N/A,6,7,6,N/A,7,7,7,N/A,6,7,6,N/A,0,0,0,N/A,0,0,0,N/A,0,0,0,N/A,0,0,0,N/A,0,0,0,N/A,0,0,0,N/A,N/A,N/A,N/A,N/A
Mario,Karina Smirnoff,Singer/Rapper,Maryland,United States,21,6,Eliminated Week 8,5,8,8,8,N/A,9,8,9,N/A,7,6,8,N/A,8,7,9,N/A,9,9,9,N/A,9,9,10,N/A,8.5,8.5,8.5,N/A,9,8.5,9,N/A,0,0,0,N/A,0,0,0,N/A,N/A,N/A,N/A,N/A
Ted McGinley,Inna Brayer,Actor/Actress,California,United States,50,7,Eliminated Week 1,12,6,6,6.5,N/A,0,0,0,N/A,0,0,0,N/A,0,0,0,N/A,0,0,0,N/A,0,0,0,N/A,0,0,0,N/A,0,0,0,N/A,0,0,0,N/A,0,0,0,N/A,N/A,N/A,N/A,N/A
Cloris Leachman,Corky Ballas,Actor/Actress,Iowa,United States,82,7,Eliminated Week 6,7,6,5,5,N/A,5,5,5,N/A,6,5,5,N/A,8,7,7,N/A,7,7,7,N/A,5,5,5,N/A,0,0,0,N/A,0,0,0,N/A,0,0,0,N/A,0,0,0,N/A,N/A,N/A,N/A,N/A
Susan Lucci,Tony Dovolani,Actor/Actress,New York,United States,61,7,Eliminated Week 7,6,6,6,6.5,N/A,7,7,7,N/A,7,7,7,N/A,8,8,8,N/A,7,7,8,N/A,8,8,7,N/A,8,8,8,N/A,0,0,0,N/A,0,0,0,N/A,0,0,0,N/A,N/A,N/A,N/A,N/A
Cody Linley,Julianne Hough,Actor/Actress,Texas,United States,18,7,Eliminated Week 9,4,7,6.5,7,N/A,7,7,7,N/A,7,7,7,N/A,7,8,8,N/A,10,9,9,N/A,8,8,7,N/A,8,7,7,N/A,8,8,8,N/A,8,7.5,7.5,N/A,0,0,0,N/A,N/A,N/A,N/A,N/A
Misty May-Treanor,Maksim Chmerkoskiy,Athlete,California,United States,31,7,Withdrew,10,6.5,7.5,7,N/A,7,7,7,N/A,0,0,0,N/A,0,0,0,N/A,0,0,0,N/A,0,0,0,N/A,0,0,0,N/A,0,0,0,N/A,0,0,0,N/A,0,0,0,N/A,N/A,N/A,N/A,N/A
Maurice Greene,Cheryl Burke,Athlete,Kansas,United States,34,7,Eliminated Week 8,5,6.5,6.5,6.5,N/A,7,6,6,N/A,8,8,8,N/A,6,7,7,N/A,9,9,9,N/A,7,7,7,N/A,8,9,8,N/A,8,8,8,N/A,0,0,0,N/A,0,0,0,N/A,N/A,N/A,N/A,N/A
Warren Sapp,Kym Johnson,Athlete,Florida,United States,35,7,2nd Place,2,7,7,7.5,N/A,8,8,8,N/A,9,8,8,N/A,8,7,7,N/A,8,8,9,N/A,8,9,8,N/A,7,7,7,N/A,9.5,8.5,9,N/A,8.5,8,8,N/A,9,9.5,9,N/A,N/A,N/A,N/A,N/A
Jeffrey Ross,Edyta Sliwinska,Comedian,New Jersey,United States,43,7,Eliminated Week 1,13,4,4,4,N/A,0,0,0,N/A,0,0,0,N/A,0,0,0,N/A,0,0,0,N/A,0,0,0,N/A,0,0,0,N/A,0,0,0,N/A,0,0,0,N/A,0,0,0,N/A,N/A,N/A,N/A,N/A
Toni Braxton,Alec Mazo,Singer/Rapper,Maryland,United States,40,7,Eliminated Week 5,8,7.5,7,8,N/A,7,8,8,N/A,8,7,7,N/A,7,7,8,N/A,7,7,8,N/A,0,0,0,N/A,0,0,0,N/A,0,0,0,N/A,0,0,0,N/A,0,0,0,N/A,N/A,N/A,N/A,N/A
Lance Bass,Lacey Schwimmer,Singer/Rapper,Mississippi,United States,29,7,3rd Place,3,7.5,6,8,N/A,7,6,7,N/A,8,7,7,N/A,9,8,9,N/A,7,7,7,N/A,9,9,9,N/A,9,7,9,N/A,8.5,7.5,9,N/A,10,9,9.5,N/A,9,9,9.5,N/A,N/A,N/A,N/A,N/A
Kim Kardashian,Mark Ballas,TV Personality,California,United States,27,7,Eliminated Week 2,11,6,6.5,6,N/A,6,6,5,N/A,0,0,0,N/A,0,0,0,N/A,0,0,0,N/A,0,0,0,N/A,0,0,0,N/A,0,0,0,N/A,0,0,0,N/A,0,0,0,N/A,N/A,N/A,N/A,N/A
Rocco DiSpirito,Karina Smirnoff,TV Personality,New York,United States,41,7,Eliminated Week 4,9,6,5.5,6,N/A,5,6,5,N/A,7,7,6,N/A,6,6,6,N/A,0,0,0,N/A,0,0,0,N/A,0,0,0,N/A,0,0,0,N/A,0,0,0,N/A,0,0,0,N/A,N/A,N/A,N/A,N/A
Brooke Burke,Derek Hough,TV Personality,Connecticut,United States,37,7,1st Place,1,8,8,8.5,N/A,8,8,8,N/A,9,10,9,N/A,9,8,9,N/A,10,9,10,N/A,8,10,8,N/A,10,10,10,N/A,9.5,8.5,9.5,N/A,8,8.5,8,N/A,10,10,10,N/A,N/A,N/A,N/A,N/A
Gilles Marini,Cheryl Burke,Actor/Actress,,France,33,8,2nd Place,2,8,8,8,N/A,9,9,9,N/A,9,9,9,N/A,10,10,10,N/A,10,9,10,N/A,9,8,9,N/A,9,9,9,N/A,9,9,9.5,N/A,9.5,9,9.5,N/A,10,10,10,N/A,9.5,10,9.5,N/A
Denise Richards,Maksim Chmerkoskiy,Actor/Actress,Illinois,United States,38,8,Eliminated Week 3,12,6,6,6,N/A,7,7,7,N/A,5,6,5,N/A,0,0,0,N/A,0,0,0,N/A,0,0,0,N/A,0,0,0,N/A,0,0,0,N/A,0,0,0,N/A,0,0,0,N/A,0,0,0,N/A
David Alan Grier,Kym Johnson,Actor/Actress,Michigan,United States,52,8,Eliminated Week 5,9,6,7,6,N/A,6,5,6,N/A,8,8,8,N/A,8,7,7,N/A,7,8,7,N/A,0,0,0,N/A,0,0,0,N/A,0,0,0,N/A,0,0,0,N/A,0,0,0,N/A,0,0,0,N/A
Lawrence Taylor,Edyta Sliwinska,Athlete,Virginia,United States,50,8,Eliminated Week 7,7,6,5,5,N/A,7,6,7,N/A,7,6,7,N/A,7,5,7,N/A,6,7,7,N/A,7,7,8,N/A,7,7,7,N/A,0,0,0,N/A,0,0,0,N/A,0,0,0,N/A,0,0,0,N/A
Ty Murray,Chelsie Hightower,Athlete,Arizona,United States,39,8,Eliminated Week 10,4,5,4,5,N/A,7,6,7,N/A,8,8,7,N/A,9,8,8,N/A,7,7,7,N/A,6,6,6,N/A,8,8,8,N/A,9,8,9,N/A,7.5,8,7.5,N/A,8,8,8,N/A,0,0,0,N/A
Shawn Johnson,Mark Ballas,Athlete,Iowa,United States,17,8,1st Place,1,8,8,7,N/A,8,8,8,N/A,9,9,9,N/A,8,8,9,N/A,9,8,9,N/A,8,9,9,N/A,9,9,10,N/A,9,8,9,N/A,9.5,9,9.5,N/A,9.5,9,9.5,N/A,10,10,10,N/A
Steve Wozniak,Karina Smirnoff,Entrepreneur,California,United States,58,8,Eliminated Week 4,10,5,4,4,N/A,6,5,6,N/A,4,3,3,N/A,4,4,4,N/A,0,0,0,N/A,0,0,0,N/A,0,0,0,N/A,0,0,0,N/A,0,0,0,N/A,0,0,0,N/A,0,0,0,N/A
Belinda Carlisle,Jonathan Roberts,Singer/Rapper,California,United States,50,8,Eliminated Week 2,13,6,6,5,N/A,6,6,6,N/A,0,0,0,N/A,0,0,0,N/A,0,0,0,N/A,0,0,0,N/A,0,0,0,N/A,0,0,0,N/A,0,0,0,N/A,0,0,0,N/A,0,0,0,N/A
Chuck Wicks,Julianne Hough,Singer/Rapper,Delaware,United States,29,8,Eliminated Week 8,6,6,7,7,N/A,6,7,7,N/A,8,7,8,N/A,8,7,7,N/A,7,8,8,N/A,8,7,8,N/A,9,9,9,N/A,8.5,8.5,8.5,N/A,0,0,0,N/A,0,0,0,N/A,0,0,0,N/A
Lil' Kim,Derek Hough,Singer/Rapper,New York,United States,34,8,Eliminated Week 9,5,7,7,7,N/A,8,7,8,N/A,8,8,9,N/A,9,8,10,N/A,9,8,9,N/A,10,8,10,N/A,9,8,9,N/A,9,9,10,N/A,8.5,9,8.5,N/A,0,0,0,N/A,0,0,0,N/A
Steve-O,Lacey Schwimmer,TV Personality,,England,34,8,Eliminated Week 6,8,6,5,6,N/A,5,4,5,N/A,5,5,5,N/A,5,5,5,N/A,6,6,6,N/A,7,4,5,N/A,0,0,0,N/A,0,0,0,N/A,0,0,0,N/A,0,0,0,N/A,0,0,0,N/A
Holly Madison,Dmitry Chaplin,TV Personality,Oregon,United States,30,8,Eliminated Week 4,11,6,6,6,N/A,6,6,6,N/A,5,6,6,N/A,5,6,5,N/A,0,0,0,N/A,0,0,0,N/A,0,0,0,N/A,0,0,0,N/A,0,0,0,N/A,0,0,0,N/A,0,0,0,N/A
Melissa Rycroft,Tony Dovolani,TV Personality,Texas,United States,26,8,3rd Place,3,8,7,8,N/A,9,8,9,N/A,9,9,9,N/A,10,9,10,N/A,8,8,9,N/A,9,9,9,N/A,10,9,10,N/A,7.5,7.5,8,N/A,9.5,9.5,9.5,N/A,9,9.5,9,N/A,9.5,9.5,9.5,N/A
Ashley Hamiliton,Edyta Sliwinska,Actor/Actress,California,United States,34,9,Eliminated Week 1,16,6.3333,7.3333,5.3333,N/A,0,0,0,N/A,0,0,0,N/A,0,0,0,N/A,0,0,0,N/A,0,0,0,N/A,0,0,0,N/A,0,0,0,N/A,0,0,0,N/A,0,0,0,N/A,N/A,N/A,N/A,N/A
Debi Mazar,Maksim Chmerkoskiy,Actor/Actress,New York,United States,45,9,Eliminated Week 3,12,8,7,7,N/A,7,7,7,N/A,6,5,6,N/A,0,0,0,N/A,0,0,0,N/A,0,0,0,N/A,0,0,0,N/A,0,0,0,N/A,0,0,0,N/A,0,0,0,N/A,N/A,N/A,N/A,N/A
Melissa Joan Hart,Mark Ballas,Actor/Actress,New York,United States,33,9,Eliminated Week 6,9,8,8,8,N/A,7,6,6,N/A,6,6,7,N/A,9,9,10,N/A,8,8,7,N/A,8.3333,8.3333,7.3333,N/A,0,0,0,N/A,0,0,0,N/A,0,0,0,N/A,0,0,0,N/A,N/A,N/A,N/A,N/A
Mark Dacascos,Lacey Schwimmer,Actor/Actress,Hawaii,United States,45,9,Eliminated Week 7,6,9.6666,9.6666,9.6666,N/A,7,7,7,N/A,6,6,6,N/A,8,7,7,N/A,9,9,8,N/A,11,11,10,N/A,7,7.5,7,N/A,0,0,0,N/A,0,0,0,N/A,0,0,0,N/A,N/A,N/A,N/A,N/A
Chuck Liddell,Anna Trebunskaya,Athlete,California,United States,39,9,Eliminated Week 4,11,8,7,7,N/A,6,7,6,N/A,6,5,6,N/A,6,5,6,N/A,0,0,0,N/A,0,0,0,N/A,0,0,0,N/A,0,0,0,N/A,0,0,0,N/A,0,0,0,N/A,N/A,N/A,N/A,N/A
Natalie Coughlin,Alec Mazo,Athlete,California,United States,27,9,Eliminated Week 5,10,9.6666,8.6666,8.6666,N/A,7,7,7,N/A,9,8,9,N/A,8,8,8,N/A,7,8,7,N/A,0,0,0,N/A,0,0,0,N/A,0,0,0,N/A,0,0,0,N/A,0,0,0,N/A,N/A,N/A,N/A,N/A
Louie Vito,Chelsie Hightower,Athlete,Ohio,United States,21,9,Eliminated Week 6,8,8.6666,9.6666,8.6666,N/A,6,7,6,N/A,8,5,7,N/A,5,5,6,N/A,7,8,7,N/A,8,8,8,N/A,0,0,0,N/A,0,0,0,N/A,0,0,0,N/A,0,0,0,N/A,N/A,N/A,N/A,N/A
Michael Irvin,Anna Demidova,Athlete,Florida,United States,43,9,Eliminated Week 7,7,7,6,6,N/A,7,7,6,N/A,5,4,5,N/A,5,6,5,N/A,7,7,7,N/A,6.6666,8.6666,6.6666,N/A,8,8,7.5,N/A,0,0,0,N/A,0,0,0,N/A,0,0,0,N/A,N/A,N/A,N/A,N/A
Joanna Krupa,Derek Hough,Model,,Poland,30,9,Eliminated Week 9,4,11.3333,11.3333,11.3333,N/A,6,7,7,N/A,7,8,8,N/A,9,8,9,N/A,8,8,8,N/A,11.3333,12.3333,12.3333,N/A,9,9,9.5,N/A,8.5,8.5,9,N/A,9,9,9,N/A,0,0,0,N/A,N/A,N/A,N/A,N/A
Kathy Ireland,Tony Dovolani,Model,California,United States,46,9,Eliminated Week 2,14,7.3333,6.3333,6.3333,N/A,6,6,6,N/A,0,0,0,N/A,0,0,0,N/A,0,0,0,N/A,0,0,0,N/A,0,0,0,N/A,0,0,0,N/A,0,0,0,N/A,0,0,0,N/A,N/A,N/A,N/A,N/A
Tom DeLay,Cheryl Burke,Politician,Texas,United States,62,9,Withdrew,13,7.3333,6.3333,6.3333,N/A,6,6,6,N/A,6,4,5,N/A,0,0,0,N/A,0,0,0,N/A,0,0,0,N/A,0,0,0,N/A,0,0,0,N/A,0,0,0,N/A,0,0,0,N/A,N/A,N/A,N/A,N/A
Macy Gray,Jonathan Roberts,Singer/Rapper,Ohio,United States,42,9,Eliminated Week 1,15,7.3333,5.3333,6.3333,N/A,0,0,0,N/A,0,0,0,N/A,0,0,0,N/A,0,0,0,N/A,0,0,0,N/A,0,0,0,N/A,0,0,0,N/A,0,0,0,N/A,0,0,0,N/A,N/A,N/A,N/A,N/A
Aaron Carter,Karina Smirnoff,Singer/Rapper,Florida,United States,21,9,Eliminated Week 8,5,10.3333,11.3333,10.3333,N/A,9,9,9,N/A,8,6,7,N/A,6,6,6,N/A,8,8,8,N/A,10.6666,11.6666,10.6666,N/A,8.5,9,9,N/A,8,8.5,8.5,N/A,0,0,0,N/A,0,0,0,N/A,N/A,N/A,N/A,N/A
Mya,Dmitry Chaplin,Singer/Rapper,Washington D.C.,United States,29,9,2nd Place,2,11.3333,8.3333,11.3333,N/A,9,9,9,N/A,10,7,10,N/A,10,8,10,N/A,9,9,9,N/A,11,10,12,N/A,8.5,7.5,8.5,N/A,9.5,10,10,N/A,9.3333,9.6666,10,N/A,9.4444,9.4444,9.4444,N/A,N/A,N/A,N/A,N/A
Donny Osmond,Kym Johnson,Singer/Rapper,Utah,United States,51,9,1st Place,1,10.3333,9.3333,10.3333,N/A,8,9,8,N/A,7,7,7,N/A,8,8,8,N/A,10,9,10,N/A,10.3333,10.3333,10.3333,N/A,8.5,8.5,9,N/A,8.5,8,8.5,N/A,8,8.3333,8.3333,N/A,9.6666,9.6666,9.6666,N/A,N/A,N/A,N/A,N/A
Kelly Osbourne,Louis van Amstel,TV Personality,,England,24,9,3rd Place,3,9.6666,10.6666,10.6666,N/A,6,7,6,N/A,7,6,7,N/A,8,7,8,N/A,8,8,8,N/A,8.6666,7.6666,8.6666,N/A,8.5,8.5,9,N/A,8,8.5,9,N/A,8.6666,8.6666,8.6666,N/A,8.5,8.5,8.2222,N/A,N/A,N/A,N/A,N/A
Aiden Turner,Edyta Sliwinska,Actor/Actress,,England,32,10,Eliminated Week 4,9,5,5,5,N/A,7,6,6,N/A,7,6,7,N/A,5.5,5.5,5.5,N/A,0,0,0,N/A,0,0,0,N/A,0,0,0,N/A,0,0,0,N/A,0,0,0,N/A,0,0,0,N/A,N/A,N/A,N/A,N/A
Shannen Doherty,Mark Ballas,Actor/Actress,Tennessee,United States,38,10,Eliminated Week 2,11,6,6,6,N/A,7,6,7,N/A,0,0,0,N/A,0,0,0,N/A,0,0,0,N/A,0,0,0,N/A,0,0,0,N/A,0,0,0,N/A,0,0,0,N/A,0,0,0,N/A,N/A,N/A,N/A,N/A
Niecy Nash,Louis van Amstel,Actor/Actress,California,United States,40,10,Eliminated Week 8,5,7,5,6,N/A,7,7,7,N/A,7,7,7,N/A,6,6,6,N/A,6,6,6,N/A,8.6666,8.6666,8.6666,N/A,8.5,8,8,N/A,7,7,7.5,N/A,0,0,0,N/A,0,0,0,N/A,N/A,N/A,N/A,N/A
Buzz Aldrin,Ashly DelGrosso,Astronaut,New Jersey,United States,80,10,Eliminated Week 3,10,5,4,5,N/A,4,4,4,N/A,5,4,4,N/A,0,0,0,N/A,0,0,0,N/A,0,0,0,N/A,0,0,0,N/A,0,0,0,N/A,0,0,0,N/A,0,0,0,N/A,N/A,N/A,N/A,N/A
Chad Ochocinco,Cheryl Burke,Athlete,Florida,United States,32,10,Eliminated Week 9,4,6,6,6,N/A,6,5,5,N/A,7,6,7,N/A,7.5,6.5,8,N/A,6,6,6,N/A,10.3333,10.3333,10.3333,N/A,8.5,9,8.5,N/A,7.5,7.5,7.5,N/A,8.5,8.5,9,N/A,0,0,0,N/A,N/A,N/A,N/A,N/A
Evan Lysacek,Anna Trebunskaya,Athlete,Illinois,United States,24,10,2nd Place,2,8,7,8,N/A,8,8,8,N/A,9,8,9,N/A,9,8,9,N/A,9,9,9,N/A,9,9,9,N/A,9,9,9,N/A,9,8.5,9,N/A,10,9.5,10,N/A,9.3333,8.7777,8.7777,N/A,N/A,N/A,N/A,N/A
Pamela Anderson,Damian Whitewood,Model,,Canada,42,10,Eliminated Week 7,6,7,6,8,N/A,7,7,8,N/A,7,7,7,N/A,7.5,7.5,8.5,N/A,7,6,8,N/A,9.6666,9.6666,10.6666,N/A,8.5,8.5,8.5,N/A,0,0,0,N/A,0,0,0,N/A,0,0,0,N/A,N/A,N/A,N/A,N/A
Nicole Scherzinger,Derek Hough,Singer/Rapper,Hawaii,United States,31,10,1st Place,1,9,7,9,N/A,10,8,10,N/A,8,6,9,N/A,8.5,8,8.5,N/A,10,9,10,N/A,12.3333,10.3333,13.3333,N/A,9,9,9,N/A,10,9.5,10,N/A,10,9.5,10,N/A,9.5,9.5,9.7777,N/A,N/A,N/A,N/A,N/A
Erin Andrews,Maksim Chmerkoskiy,Sports Broadcaster,Maine,United States,32,10,3rd Place,3,7,7,7,N/A,8,7,8,N/A,8,7,8,N/A,6.5,6.5,6.5,N/A,7,7,8,N/A,12,10,12,N/A,8.5,8.5,8.5,N/A,8.5,9,9,N/A,9.5,9,9.5,N/A,9.2222,8.8888,8.8888,N/A,N/A,N/A,N/A,N/A
Kate Gosselin,Tony Dovolani,TV Personality,Pennsylvania,United States,35,10,Eliminated Week 5,8,6,5,5,N/A,5,5,5,N/A,5,5,5,N/A,5,5.5,5.5,N/A,5,5,5,N/A,0,0,0,N/A,0,0,0,N/A,0,0,0,N/A,0,0,0,N/A,0,0,0,N/A,N/A,N/A,N/A,N/A
Jake Pavelka,Chelsie Hightower,TV Personality,Texas,United States,32,10,Eliminated Week 6,7,7,6,7,N/A,6,7,7,N/A,7,7,7,N/A,6.5,6.5,6,N/A,8,7,8,N/A,8.3333,8.3333,8.3333,N/A,0,0,0,N/A,0,0,0,N/A,0,0,0,N/A,0,0,0,N/A,N/A,N/A,N/A,N/A
David Hasselhoff,Kym Johnson,Actor/Actress,Maryland,United States,58,11,Eliminated Week 1,12,5,5,5,N/A,0,0,0,N/A,0,0,0,N/A,0,0,0,N/A,0,0,0,N/A,0,0,0,N/A,0,0,0,0,0,0,0,N/A,0,0,0,N/A,0,0,0,N/A,N/A,N/A,N/A,N/A
Florence Henderson,Corky Ballas,Actor/Actress,Indiana,United States,76,11,Eliminated Week 5,8,6,6,6,N/A,7,6,6,N/A,7,6,7,N/A,6,6,5.5,N/A,7,7,7,N/A,0,0,0,N/A,0,0,0,0,0,0,0,N/A,0,0,0,N/A,0,0,0,N/A,N/A,N/A,N/A,N/A
Kyle Massey,Lacey Schwimmer,Actor/Actress,Georgia,United States,19,11,2nd Place,2,8,7,8,N/A,8,7,7,N/A,8,7,8,N/A,7,6.5,6.5,N/A,8,5,7,N/A,10.3333,9.3333,10.3333,N/A,9,8.5,8,8,9.5,9,9.5,N/A,10,9,10,N/A,9.3333,8.6666,9.3333,N/A,N/A,N/A,N/A,N/A
Jennifer Grey,Derek Hough,Actor/Actress,New York,United States,50,11,1st Place,1,8,8,8,N/A,8,8,8,N/A,8,8,8,N/A,9.5,9,9.5,N/A,8,8,9,N/A,9,10,10,N/A,9.5,9,9,9,9.5,9.5,9.5,N/A,10,10,10,N/A,10,10,10,N/A,N/A,N/A,N/A,N/A
Rick Fox,Cheryl Burke,Athlete,,Canada,41,11,Eliminated Week 7,6,8,7,7,N/A,7,7,7,N/A,8,8,8,N/A,6,7,6.5,N/A,8,8,8,N/A,10,10,10,N/A,9,8.5,8.5,8.5,0,0,0,N/A,0,0,0,N/A,0,0,0,N/A,N/A,N/A,N/A,N/A
Kurt Warner,Anna Trebunskaya,Athlete,Iowa,United States,39,11,Eliminated Week 8,5,7,5,7,N/A,7,7,7,N/A,8,8,7,N/A,6,5.5,5.5,N/A,8,8,8,N/A,7.3333,7.3333,7.3333,N/A,9.5,8.5,8.5,8.5,8,8,8,N/A,0,0,0,N/A,0,0,0,N/A,N/A,N/A,N/A,N/A
Margaret Cho,Louis van Amstel,Comedian,California,United States,41,11,Eliminated Week 3,10,5,5,5,N/A,6,6,6,N/A,6,6,6,N/A,0,0,0,N/A,0,0,0,N/A,0,0,0,N/A,0,0,0,0,0,0,0,N/A,0,0,0,N/A,0,0,0,N/A,N/A,N/A,N/A,N/A
Michael Bolton,Chelsie Hightower,Singer/Rapper,Connecticut,United States,57,11,Eliminated Week 2,11,6,5,5,N/A,4,5,3,N/A,0,0,0,N/A,0,0,0,N/A,0,0,0,N/A,0,0,0,N/A,0,0,0,0,0,0,0,N/A,0,0,0,N/A,0,0,0,N/A,N/A,N/A,N/A,N/A
Brandy,Maksim Chmerkoskiy,Singer/Rapper,Mississippi,United States,31,11,Eliminated Week 9,4,7,8,8,N/A,7,7,7,N/A,8,8,8,N/A,8,8,8,N/A,9,9,9,N/A,11.3333,12.3333,12.3333,N/A,9,9,9.5,9,9,9.5,10,N/A,9.5,9.5,9.5,N/A,0,0,0,N/A,N/A,N/A,N/A,N/A
The Situation,Karina Smirnoff,TV Personality,New York,United States,28,11,Eliminated Week 4,9,5,5,5,N/A,6,6,6,N/A,7,6,7,N/A,5,4.5,4.5,N/A,0,0,0,N/A,0,0,0,N/A,0,0,0,0,0,0,0,N/A,0,0,0,N/A,0,0,0,N/A,N/A,N/A,N/A,N/A
Audrina Patridge,Tony Dovolani,TV Personality,California,United States,25,11,Eliminated Week 6,7,6,7,6,N/A,8,8,7,N/A,8,9,9,N/A,8,7.5,7.5,N/A,7,8,8,N/A,10.6666,10.6666,10.6666,N/A,0,0,0,0,0,0,0,N/A,0,0,0,N/A,0,0,0,N/A,N/A,N/A,N/A,N/A
Bristol Palin,Mark Ballas,TV Personality,Alaska,United States,19,11,3rd Place,3,6,6,6,N/A,7,8,7,N/A,6,6,7,N/A,5,5.5,5.5,N/A,6,6,6,N/A,9.6666,8.6666,9.6666,N/A,8.5,8,8,8,7.5,8,8,N/A,8.5,9,9,N/A,8.3333,9,8.3333,N/A,N/A,N/A,N/A,N/A
Ralph Macchio,Karina Smirnoff,Actor/Actress,New York,United States,49,12,Eliminated Week 9,4,8,8,8,N/A,7,7,7,N/A,7,7,7,N/A,8,8,9,N/A,8,7,7,N/A,8,8,8,N/A,9,8.5,7.5,8,7.5,7.5,8,N/A,8,8,8,N/A,0,0,0,N/A,N/A,N/A,N/A,N/A
Chelsea Kane,Mark Ballas,Actor/Actress,Arizona,United States,22,12,3rd Place,3,7,7,7,N/A,6,5,7,N/A,7,8,8,N/A,9,8,9,N/A,9,8,9,N/A,10,9,9,N/A,8,8.5,7.5,8,9,9,9.5,N/A,12,12,12.5,N/A,10,9.6666,10,N/A,N/A,N/A,N/A,N/A
Kirstie Alley,Maksim Chmerkoskiy,Actor/Actress,Kansas,United States,60,12,2nd Place,2,8,7,8,N/A,7,6,7,N/A,7,7,7,N/A,7,7,8,N/A,8,7,8,N/A,8,9,9,N/A,8,7,7,8,8.5,9,9,N/A,9,9,9,N/A,9.3333,9.3333,9.3333,N/A,N/A,N/A,N/A,N/A
Hines Ward,Kym Johnson,Athlete,,South Korea,35,12,1st Place,1,7,7,7,N/A,8,7,8,N/A,9,8,8,N/A,9,8,8,N/A,9,9,9,N/A,9,9,9,N/A,8,8,8,9,9,9,9,N/A,10,10,10,N/A,10,9.6666,10,N/A,N/A,N/A,N/A,N/A
Sugar Ray Leonard,Anna Trebunskaya,Athlete,North Carolina,United States,54,12,Eliminated Week 4,9,6,5,6,N/A,6,5,6,N/A,7,6,7,N/A,7,7,7,N/A,0,0,0,N/A,0,0,0,N/A,0,0,0,0,0,0,0,N/A,0,0,0,N/A,0,0,0,N/A,N/A,N/A,N/A,N/A
Chris Jericho,Cheryl Burke,Athlete,New York,United States,40,12,Eliminated Week 6,7,7,6,6,N/A,8,7,8,N/A,7,7,7,N/A,8,7,8,N/A,9,8,9,N/A,7,8,7,N/A,0,0,0,0,0,0,0,N/A,0,0,0,N/A,0,0,0,N/A,N/A,N/A,N/A,N/A
Petra Nemcova,Dmitry Chaplin,Model,,Czechoslovakia,31,12,Eliminated Week 5,8,6,6,6,N/A,6,6,6,N/A,8,9,8,N/A,8,7,8,N/A,7,7,8,N/A,0,0,0,N/A,0,0,0,0,0,0,0,N/A,0,0,0,N/A,0,0,0,N/A,N/A,N/A,N/A,N/A
Mike Catherwood,Lacey Schwimmer,Radio Personality,California,United States,32,12,Eliminated Week 2,11,5,4,4,N/A,6,5,6,N/A,0,0,0,N/A,0,0,0,N/A,0,0,0,N/A,0,0,0,N/A,0,0,0,0,0,0,0,N/A,0,0,0,N/A,0,0,0,N/A,N/A,N/A,N/A,N/A
Romeo,Chelsie Hightower,Singer/Rapper,Louisiana,United States,21,12,Eliminated Week 8,5,7,6,6,N/A,7,8,8,N/A,7,6,7,N/A,7,8,8,N/A,9,8,9,N/A,10,9,9,N/A,7.5,8,7,7.5,8.5,9,8.5,N/A,0,0,0,N/A,0,0,0,N/A,N/A,N/A,N/A,N/A
Wendy Williams,Tony Dovolani,TV Personality,New Jersey,United States,46,12,Eliminated Week 3,10,5,4,5,N/A,6,5,6,N/A,5,5,5,N/A,0,0,0,N/A,0,0,0,N/A,0,0,0,N/A,0,0,0,0,0,0,0,N/A,0,0,0,N/A,0,0,0,N/A,N/A,N/A,N/A,N/A
Kendra Wilkinson,Louis van Amstel,TV Personality,California,United States,25,12,Eliminated Week 7,6,6,6,6,N/A,7,6,6,N/A,8,7,8,N/A,6,6,6,N/A,8,7,7,N/A,8,8,9,N/A,7.5,7.5,7.5,8,0,0,0,N/A,0,0,0,N/A,0,0,0,N/A,N/A,N/A,N/A,N/A
Elisabetta Canalis,Valentin Chmerkovskiy,Actor/Actress,,Italy,33,13,Eliminated Week 2,11,5,5,5,N/A,7,7,7,N/A,0,0,0,N/A,0,0,0,N/A,0,0,0,N/A,0,0,0,N/A,0,0,0,N/A,0,0,0,N/A,0,0,0,N/A,0,0,0,N/A,N/A,N/A,N/A,N/A
David Arquette,Kym Johnson,Actor/Actress,Virginia,United States,40,13,Eliminated Week 7,6,6,6,6,N/A,6,6,6,N/A,8,8,8,N/A,8,7,8,N/A,8,9,8,N/A,8,7,8,N/A,8,7.5,8,N/A,0,0,0,N/A,0,0,0,N/A,0,0,0,N/A,N/A,N/A,N/A,N/A
Ricki Lake,Derek Hough,Actor/Actress,New York,United States,42,13,3rd Place,3,7,6,7,N/A,8,7,8,N/A,9,9,9,N/A,10,9,10,N/A,8,8,8,N/A,10,9,10,N/A,9,8.5,9,N/A,8.5,8.5,9,N/A,10.8333,11.3333,11.3333,N/A,9.3333,9.3333,9.3333,N/A,N/A,N/A,N/A,N/A
J.R. Martinez,Karina Smirnoff,Actor/Actress,Louisiana,United States,28,13,1st Place,1,8,7,7,N/A,7,7,8,N/A,9,8,9,N/A,8,9,9,N/A,9,9,10,N/A,10,9,10,N/A,8.5,7.5,8,N/A,10,10,10,N/A,9.5,9,9.5,N/A,9.3333,9.1666,9.6666,N/A,N/A,N/A,N/A,N/A
Metta World Peace (Ron),Peta Murgatroyd,Athlete,New York,United States,31,13,Eliminated Week 1,12,5,4,5,N/A,0,0,0,N/A,0,0,0,N/A,0,0,0,N/A,0,0,0,N/A,0,0,0,N/A,0,0,0,N/A,0,0,0,N/A,0,0,0,N/A,0,0,0,N/A,N/A,N/A,N/A,N/A
Hope Solo,Maksim Chmerkoskiy,Athlete,Washington,United States,30,13,Eliminated Week 9,4,7,7,7,N/A,6,7,6,N/A,8,8,8,N/A,8,8,8,N/A,8,8,8,N/A,7,6,7,N/A,8.5,8,8.5,N/A,8.5,9,8.5,N/A,8.1666,8.1666,8.1666,N/A,0,0,0,N/A,N/A,N/A,N/A,N/A
Chynna Phillips,Tony Dovolani,Singer/Rapper,California,United States,43,13,Eliminated Week 4,9,8,7,7,N/A,7,7,7,N/A,8,9,9,N/A,7,7,7,N/A,0,0,0,N/A,0,0,0,N/A,0,0,0,N/A,0,0,0,N/A,0,0,0,N/A,0,0,0,N/A,N/A,N/A,N/A,N/A
Kristin Cavallari,Mark Ballas,TV Personality,Colorado,United States,24,13,Eliminated Week 3,10,7,6,6,N/A,8,7,7,N/A,8,8,8,N/A,0,0,0,N/A,0,0,0,N/A,0,0,0,N/A,0,0,0,N/A,0,0,0,N/A,0,0,0,N/A,0,0,0,N/A,N/A,N/A,N/A,N/A
Carson Kressley,Anna Trebunskaya,TV Personality,Pennsylvania,United States,41,13,Eliminated Week 5,8,6,5,6,N/A,6,6,6,N/A,8,7,8,N/A,7,6,7,N/A,6,6,7,N/A,0,0,0,N/A,0,0,0,N/A,0,0,0,N/A,0,0,0,N/A,0,0,0,N/A,N/A,N/A,N/A,N/A
Chaz Bono,Lacey Schwimmer,TV Personality,California,United States,42,13,Eliminated Week 6,7,6,5,6,N/A,6,5,6,N/A,6,6,6,N/A,7,7,7,N/A,7,7,7,N/A,7,6,6,N/A,0,0,0,N/A,0,0,0,N/A,0,0,0,N/A,0,0,0,N/A,N/A,N/A,N/A,N/A
Nancy Grace,Tristan MacManus,TV Personality,Georgia,United States,51,13,Eliminated Week 8,5,5,5,6,N/A,6,8,7,N/A,7,7,7,N/A,7,7,7,N/A,7,7,8,N/A,9,7,8,N/A,7.5,7,7.5,N/A,7.5,7,7.5,N/A,0,0,0,N/A,0,0,0,N/A,N/A,N/A,N/A,N/A
Rob Kardashian,Cheryl Burke,TV Personality,California,United States,24,13,2nd Place,2,6,5,5,N/A,7,7,7,N/A,8,8,8,N/A,8,8,8,N/A,9,8,8,N/A,8,7,7,N/A,9,8,8.5,N/A,8.5,8.5,8.5,N/A,11.1666,10.6666,10.6666,N/A,9.4444,9.4444,9.4444,N/A,N/A,N/A,N/A,N/A
William Levy,Cheryl Burke,Actor/Actress,,Cuba,31,14,3rd Place,3,8,8,8,N/A,9,7,9,N/A,9,9,10,N/A,7,7,8,N/A,10,9,10,N/A,12,11,13,N/A,9,8.5,9,N/A,9.5,9.5,9.5,N/A,9.5,9.5,10,N/A,10,9.6666,10,N/A,N/A,N/A,N/A,N/A
Jack Wagner,Anna Trebunskaya,Actor/Actress,Missouri,United States,52,14,Eliminated Week 3,11,8,7,8,N/A,7,7,7,N/A,8,8,8,N/A,0,0,0,N/A,0,0,0,N/A,0,0,0,N/A,0,0,0,N/A,0,0,0,N/A,0,0,0,N/A,0,0,0,N/A,N/A,N/A,N/A,N/A
Sherri Sheperd,Valentin Chmerkovskiy,Actor/Actress,Illinois,United States,44,14,Eliminated Week 4,10,8,7,8,N/A,8,7,8,N/A,8,8,8,N/A,7,7,7,N/A,0,0,0,N/A,0,0,0,N/A,0,0,0,N/A,0,0,0,N/A,0,0,0,N/A,0,0,0,N/A,N/A,N/A,N/A,N/A
Jaleel White,Kym Johnson,Actor/Actress,California,United States,35,14,Eliminated Week 7,7,9,8,9,N/A,7,7,8,N/A,9,8,8,N/A,8,7,7,N/A,8,8,8,N/A,12.6666,11.6666,12.6666,N/A,9,8,8.5,N/A,0,0,0,N/A,0,0,0,N/A,0,0,0,N/A,N/A,N/A,N/A,N/A
Roshon Fegan,Chelsie Hightower,Actor/Actress,California,United States,20,14,Eliminated Week 8,6,8,7,8,N/A,9,8,9,N/A,8,8,9,N/A,9,8,9,N/A,9,8,9,N/A,8.6666,9.6666,9.6666,N/A,9.5,8,8.5,N/A,9.5,9,9.5,N/A,0,0,0,N/A,0,0,0,N/A,N/A,N/A,N/A,N/A
Melissa Gilbert,Maksim Chmerkoskiy,Actor/Actress,California,United States,47,14,Eliminated Week 8,5,7,6,7,N/A,7,6,7,N/A,8,8,8,N/A,7,8,7,N/A,7,7,7,N/A,10,10,10,N/A,8,7.5,8,N/A,8.5,8.5,8.5,N/A,0,0,0,N/A,0,0,0,N/A,N/A,N/A,N/A,N/A
Martina Navratilova,Tony Dovolani,Athlete,,Czechoslovakia,55,14,Eliminated Week 2,12,7,6,7,N/A,6,5,6,N/A,0,0,0,N/A,0,0,0,N/A,0,0,0,N/A,0,0,0,N/A,0,0,0,N/A,0,0,0,N/A,0,0,0,N/A,0,0,0,N/A,N/A,N/A,N/A,N/A
Donald Driver,Peta Murgatroyd,Athlete,Texas,United States,37,14,1st Place,1,7,7,7,N/A,8,8,8,N/A,9,8,9,N/A,9,9,9,N/A,10,8,9,N/A,11.3333,11.3333,11.3333,N/A,9,8.5,9,N/A,9.5,9,9,N/A,9.5,9,10,N/A,10,9.6666,10,N/A,N/A,N/A,N/A,N/A
Gavin DeGraw,Karina Smirnoff,Singer/Rapper,New York,United States,35,14,Eliminated Week 5,9,7,6,7,N/A,7,7,7,N/A,8,8,8,N/A,8,8,7,N/A,6,6,7,N/A,0,0,0,N/A,0,0,0,N/A,0,0,0,N/A,0,0,0,N/A,0,0,0,N/A,N/A,N/A,N/A,N/A
Gladys Knight,Tristan MacManus,Singer/Rapper,Georgia,United States,67,14,Eliminated Week 6,8,8,7,8,N/A,7,5,7,N/A,8,8,8,N/A,7,6,7,N/A,7,7,8,N/A,8,8,8,N/A,0,0,0,N/A,0,0,0,N/A,0,0,0,N/A,0,0,0,N/A,N/A,N/A,N/A,N/A
Katherine Jenkins,Mark Ballas,Singer/Rapper,,Wales,31,14,2nd Place,2,9,8,9,N/A,9,8,9,N/A,10,9,10,N/A,8,8,8,N/A,10,9,10,N/A,13.3333,12.3333,13.3333,N/A,9.5,8.5,9,N/A,9,9,9.5,N/A,9.5,9,9.5,N/A,10,10,10,N/A,N/A,N/A,N/A,N/A
Maria Menounos,Derek Hough,TV Personality,Massachusetts,United States,33,14,Eliminated Week 9,4,7,7,7,N/A,8,8,9,N/A,9,9,9,N/A,9,8,9,N/A,9,9,9,N/A,9.3333,10.3333,10.3333,N/A,10,9,9.5,N/A,9.5,7.5,9.5,N/A,10,9.5,10,N/A,0,0,0,N/A,N/A,N/A,N/A,N/A
Gilles Marini,Peta Murgatroyd,Actor/Actress,,France,36,15,Eliminated Week 8,6,8,8,8,N/A,8.5,8.5,8.5,N/A,8.5,8.5,8.5,N/A,10,9.5,10,10,9.5,9.25,9.5,N/A,9,9,9.5,N/A,11.1666,11.1666,11.1666,N/A,9.5,10,9.7777,N/A,0,0,0,N/A,0,0,0,N/A,N/A,N/A,N/A,N/A
Sabrina Bryan,Louis van Amstel,Actor/Actress,California,United States,28,15,Eliminated Week 6,8,7.5,7.5,7.5,N/A,9,8.5,8.5,N/A,8.5,8.5,8.5,N/A,9,9,8.5,9,9.75,9.75,9.75,N/A,10,10,10,N/A,0,0,0,N/A,0,0,0,N/A,0,0,0,N/A,0,0,0,N/A,N/A,N/A,N/A,N/A
Kirstie Alley,Maksim Chmerkoskiy,Actor/Actress,Kansas,United States,61,15,Eliminated Week 8,7,6.5,6,6.5,N/A,7,7,7,N/A,8,8,8,N/A,7.5,7.5,7.5,7.5,8.75,8.75,8.75,N/A,9.5,8.5,9.5,N/A,9.3333,9.3333,9.3333,N/A,8.5,8.5,8.5,N/A,0,0,0,N/A,0,0,0,N/A,N/A,N/A,N/A,N/A
Kelly Monaco,Valentin Chmerkovskiy,Actor/Actress,Pennsylvania,United States,36,15,3rd Place,3,7,7,7.5,N/A,7.5,7,7.5,N/A,9,9,9,N/A,9,9.5,9.5,9.5,8.5,8.5,8.75,N/A,9,9,9,N/A,12,12,12,N/A,9.5,9.3333,9.5,N/A,8.7777,9.3333,9,N/A,9.6666,9.6666,9.7777,N/A,N/A,N/A,N/A,N/A
Apolo Anton Ohno,Karina Smirnoff,Athlete,Washington,United States,30,15,Eliminated Week 9,5,7.5,7,7.5,N/A,8.5,8,8,N/A,9,8,8.5,N/A,8.5,9,8.5,8.5,9,9.75,9.5,N/A,10,10,10,N/A,11,11,11,N/A,9.7777,9.5,10,N/A,9.3333,9.5,9.7777,N/A,0,0,0,N/A,N/A,N/A,N/A,N/A
Emmitt Smith,Cheryl Burke,Athlete,Florida,United States,43,15,Eliminated Week 9,4,8,8.5,8,N/A,7.5,7.5,7.5,N/A,8.5,8,8.5,N/A,9,9,9,9,9.25,9.25,9.5,N/A,8.5,8.5,9.5,N/A,10.8333,11.8333,11.8333,N/A,9.5,9.7777,9.7777,N/A,9,9,9,N/A,0,0,0,N/A,N/A,N/A,N/A,N/A
Shawn Johnson,Derek Hough,Athlete,Iowa,United States,20,15,2nd Place,2,8,6.5,7.5,N/A,8.5,8,8.5,N/A,9,8,9.5,N/A,10,9.5,10,10,9.25,9,10,N/A,9.5,8.5,10,N/A,12.6666,12.6666,12.6666,N/A,10,8.3333,9.5,N/A,9.5,10,10,N/A,9.6666,9.5,9.7777,N/A,N/A,N/A,N/A,N/A
Pamela Anderson,Tristan MacManus,Model,,Canada,45,15,Eliminated Week 1,13,5.5,5.5,6,N/A,0,0,0,N/A,0,0,0,N/A,0,0,0,0,0,0,0,N/A,0,0,0,N/A,0,0,0,N/A,0,0,0,N/A,0,0,0,N/A,0,0,0,N/A,N/A,N/A,N/A,N/A
Helio Castroneves,Chelsie Hightower,Racing Driver,,Brazil,37,15,Eliminated Week 3,10,7,7.5,7,N/A,8,7.5,7.5,N/A,8.5,8.5,8.5,N/A,0,0,0,0,0,0,0,N/A,0,0,0,N/A,0,0,0,N/A,0,0,0,N/A,0,0,0,N/A,0,0,0,N/A,N/A,N/A,N/A,N/A
Joey Fatone,Kym Johnson,Singer/Rapper,New York,United States,35,15,Eliminated Week 2,12,6.5,7,7,N/A,7.5,7.5,7.5,N/A,0,0,0,N/A,0,0,0,0,0,0,0,N/A,0,0,0,N/A,0,0,0,N/A,0,0,0,N/A,0,0,0,N/A,0,0,0,N/A,N/A,N/A,N/A,N/A
Drew Lachey,Anna Trebunskaya,Singer/Rapper,Ohio,United States,36,15,Eliminated Week 3,11,7,7,7.5,N/A,7.5,7.5,7.5,N/A,8,8,8,N/A,0,0,0,0,0,0,0,N/A,0,0,0,N/A,0,0,0,N/A,0,0,0,N/A,0,0,0,N/A,0,0,0,N/A,N/A,N/A,N/A,N/A
Bristol Palin,Mark Ballas,TV Personality,Alaska,United States,21,15,Eliminated Week 4,9,6.5,6.5,6.5,N/A,6,6,6,N/A,7.5,7.5,7.5,N/A,8,8,8,8,0,0,0,N/A,0,0,0,N/A,0,0,0,N/A,0,0,0,N/A,0,0,0,N/A,0,0,0,N/A,N/A,N/A,N/A,N/A
Melissa Rycroft,Tony Dovolani,TV Personality,Texas,United States,29,15,1st Place,1,7,7,7,N/A,8,8,7.5,N/A,9,9,9,N/A,9,9,9.5,9.5,9.25,9.5,9.5,N/A,9.5,10,10,N/A,13.3333,12.8333,12.8333,N/A,10,10,10,N/A,9.5,9.7777,9.5,N/A,9.7777,9.7777,9.7777,N/A,N/A,N/A,N/A,N/A
Ingo Rademacher,Kym Johnson,Actor/Actress,,Germany,41,16,Eliminated Week 9,5,7,6,7,N/A,6,7,7,N/A,7,7,7,N/A,8,7,8,N/A,7,7,7,N/A,7.5,8,7.5,N/A,8,9,8,N/A,8,8,8,N/A,8.5,8.5,8.5,N/A,0,0,0,N/A,N/A,N/A,N/A,N/A
Zendaya,Valentin Chmerkovskiy,Actor/Actress,California,United States,16,16,2nd Place,2,8,8,8,N/A,9,8,9,N/A,8.6666,8.6666,8.6666,N/A,9,8,9,N/A,10,9,10,N/A,8.5,8.5,8.5,N/A,10,10,10,N/A,9.5,10,9.5,N/A,9,9,9.5,N/A,10,10,10,N/A,N/A,N/A,N/A,N/A
Dorothy Hamill,Tristan MacManus,Athlete,Illinois,United States,56,16,Withdrew,12,7,7,7,N/A,5,5,5,N/A,0,0,0,N/A,0,0,0,N/A,0,0,0,N/A,0,0,0,N/A,0,0,0,N/A,0,0,0,N/A,0,0,0,N/A,0,0,0,N/A,N/A,N/A,N/A,N/A
Victor Ortiz,Lindsay Arnold,Athlete,Kansas,United States,26,16,Eliminated Week 6,8,6,6,6,N/A,6,6,6,N/A,8,7,8,N/A,6,6,6,N/A,7,7,7,N/A,6.5,7,6.5,N/A,0,0,0,N/A,0,0,0,N/A,0,0,0,N/A,0,0,0,N/A,N/A,N/A,N/A,N/A
Alexandra Raisman,Mark Ballas,Athlete,Massachusetts,United States,18,16,Eliminated Week 10,4,7,7,7,N/A,8,8,8,N/A,7,8,8,N/A,9,9,9,N/A,8,8,9,N/A,8.5,9,8.5,N/A,11,10,11,N/A,9,9.5,9.5,N/A,10,9.5,10,N/A,9.5,9.5,10,N/A,N/A,N/A,N/A,N/A
Jacoby Jones,Karina Smirnoff,Athlete,Louisiana,United States,28,16,3rd Place,3,7,6,7,N/A,8,7,8,N/A,8.6666,8.6666,8.6666,N/A,8,8,8,N/A,9,8,9,N/A,7.5,7.5,7.5,N/A,9,9,9,N/A,8.5,9,8.5,N/A,10,9.5,10,N/A,9.3333,9.3333,9.3333,N/A,N/A,N/A,N/A,N/A
D. L. Hughley,Cheryl Burke,Comedian,Virginia,United States,50,16,Eliminated Week 5,9,4,4,4,N/A,5,5,6,N/A,6,5,5,N/A,7,7,7,N/A,6,6,6,N/A,0,0,0,N/A,0,0,0,N/A,0,0,0,N/A,0,0,0,N/A,0,0,0,N/A,N/A,N/A,N/A,N/A
Andy Dick,Sharna Burgess,Comedian,South Carolina,United States,47,16,Eliminated Week 7,7,6,5,6,N/A,7,6,7,N/A,6,6,6,N/A,7,7,7,N/A,6,6,6,N/A,7,7.5,7,N/A,5,6,6,N/A,0,0,0,N/A,0,0,0,N/A,0,0,0,N/A,N/A,N/A,N/A,N/A
Wynonna Judd,Tony Dovolani,Singer/Rapper,Kentucky,United States,48,16,Eliminated Week 3,11,6,6,6,N/A,6,6,6,N/A,5,5,5,N/A,0,0,0,N/A,0,0,0,N/A,0,0,0,N/A,0,0,0,N/A,0,0,0,N/A,0,0,0,N/A,0,0,0,N/A,N/A,N/A,N/A,N/A
Kellie Pickler,Derek Hough,Singer/Rapper,North Carolina,United States,26,16,1st Place,1,7,7,7,N/A,9,8,9,N/A,8,9,8,N/A,9,8,9,N/A,9,9,9,N/A,8.5,9.5,9,N/A,9,10,10,N/A,9.5,8,10,N/A,9.5,10,9.5,N/A,10,10,10,N/A,N/A,N/A,N/A,N/A
Lisa Vanderpump,Gleb Savchenko,TV Personality,,England,52,16,Eliminated Week 4,10,6,6,6,N/A,6,6,6,N/A,7,7,7,N/A,6,6,6,N/A,0,0,0,N/A,0,0,0,N/A,0,0,0,N/A,0,0,0,N/A,0,0,0,N/A,0,0,0,N/A,N/A,N/A,N/A,N/A
Sean Lowe,Peta Murgatroyd,TV Personality,Texas,United States,29,16,Eliminated Week 8,6,7,6,6,N/A,7,6,7,N/A,7,7,7,N/A,6,7,7,N/A,8,8,8,N/A,7.5,8,7.5,N/A,8,8,8,N/A,7,7,7,N/A,0,0,0,N/A,0,0,0,N/A,N/A,N/A,N/A,N/A
Valerie Harper,Tristan MacManus,Actor/Actress,New York,United States,74,17,Eliminated Week 4,10,7,7,7,N/A,6,6,7,N/A,6,5,5,N/A,6,6,6,N/A,0,0,0,N/A,0,0,0,N/A,0,0,0,N/A,0,0,0,N/A,0,0,0,N/A,0,0,0,0,0,0,0,N/A
Brant Daugherty,Peta Murgatroyd,Actor/Actress,Ohio,United States,28,17,Eliminated Week 8,7,7,8,7,N/A,8,7,8,N/A,9,9,9,N/A,7,7,7,N/A,9,9,9,N/A,10,11,10,N/A,9.5,9.5,9.5,N/A,9,9,9,N/A,0,0,0,N/A,0,0,0,0,0,0,0,N/A
Elizabeth Berkley Lauren,Valentin Chmerkovskiy,Actor/Actress,Michigan,United States,39,17,Eliminated Week 9,6,8,8,8,N/A,8,9,8,N/A,8,9,8,N/A,9,9,9,N/A,8,9,9,N/A,10.6666,10.6666,10.6666,N/A,9,9,9,N/A,8,9,8,N/A,9.5,9,9.5,N/A,0,0,0,0,0,0,0,N/A
Leah Remini,Tony Dovolani,Actor/Actress,New York,United States,43,17,Eliminated Week 10,5,7,7,7,N/A,8,8,8,N/A,8,8,8,N/A,8,8,8,N/A,7,7,8,N/A,9.3333,9.3333,9.3333,N/A,9,8.5,9,N/A,9,10,9,N/A,9,9,9,N/A,8,8,8,8.5,0,0,0,N/A
Corbin Bleu,Karina Smirnoff,Actor/Actress,New York,United States,24,17,2nd Place,2,8,8,8,N/A,9,8,9,N/A,9,8,9,N/A,9,9,9,N/A,9,9,10,N/A,9.3333,8.3333,9.3333,N/A,10,9.5,10,N/A,10,10,10,N/A,9.5,9.5,10,N/A,9.5,9,9.5,9.5,9.8888,9.8888,9.8888,N/A
Amber Riley,Derek Hough,Actor/Actress,California,United States,27,17,1st Place,1,9,9,9,N/A,8,8,8,N/A,8,8,8,N/A,9,9,9,N/A,9,7,10,N/A,11.3333,9.3333,11.3333,N/A,10,10,9.5,N/A,9,9,10,N/A,8.5,8.5,8.5,N/A,10,10,9.5,10,10.4444,10.4444,10.4444,N/A
Keyshawn Johnson,Sharna Burgess,Athlete,California,United States,41,17,Eliminated Week 2,12,6,5,6,N/A,6,6,6,N/A,0,0,0,N/A,0,0,0,N/A,0,0,0,N/A,0,0,0,N/A,0,0,0,N/A,0,0,0,N/A,0,0,0,N/A,0,0,0,0,0,0,0,N/A
Bill Engvall,Emma Slater,Comedian,Texas,United States,56,17,Eliminated Week 11,4,6,6,6,N/A,7,7,7,N/A,8,8,8,N/A,7,7,7,N/A,8,8,8,N/A,8.3333,8.3333,7.3333,N/A,8.5,8,8.5,N/A,8,8,8,N/A,7,7,7,N/A,7.5,7.5,7.5,7.5,8.3333,8.8333,8.3333,N/A
Christina Milian,Mark Ballas,Singer/Rapper,New Jersey,United States,31,17,Eliminated Week 5,9,7,7,8,N/A,9,8,8,N/A,9,8,9,N/A,8,8,8,N/A,9,10,9,N/A,0,0,0,N/A,0,0,0,N/A,0,0,0,N/A,0,0,0,N/A,0,0,0,0,0,0,0,N/A
"Nicole ""Snooki"" Polizzi",Sasha Farber,TV Personality,,Chile,25,17,Eliminated Week 7,8,8,8,7,N/A,6,7,7,N/A,9,8,8,N/A,8,8,8,N/A,9,9,9,N/A,10,10,10,N/A,9,9,9,N/A,0,0,0,N/A,0,0,0,N/A,0,0,0,0,0,0,0,N/A
Jack Osbourne,Cheryl Burke,TV Personality,,England,27,17,3rd Place,3,8,8,7,N/A,8,8,8,N/A,7,7,8,N/A,8,8,8,N/A,9,9,9,N/A,8.6666,9.6666,8.6666,N/A,10,9,9.5,N/A,10,10,10,N/A,9,9,9,N/A,9,8.5,9,9,9.3333,9.3333,9.3333,N/A
Bill Nye,Tyne Stecklein,TV Personality,Washington D.C.,United States,57,17,Eliminated Week 3,11,5,4,5,N/A,6,5,6,N/A,6,5,5,N/A,0,0,0,N/A,0,0,0,N/A,0,0,0,N/A,0,0,0,N/A,0,0,0,N/A,0,0,0,N/A,0,0,0,0,0,0,0,N/A
Billy Dee Williams,Emma Slater,Actor/Actress,New York,United States,76,18,Withdrew,10,5,5,5,N/A,5,5,5,N/A,0,0,0,0,0,0,0,0,0,0,0,0,0,0,0,0,0,0,0,0,0,0,0,0,0,0,0,0,0,0,0,N/A,N/A,N/A,N/A,N/A
Danica McKellar,Valentin Chmerkovskiy,Actor/Actress,California,United States,39,18,Eliminated Week 8,6,8,8,8,N/A,8,8,8,N/A,9,9,9,9,8,8,8,8,10,9,10,10,9,9,9,9,9,9.5,8.5,9,10,9,9,10,0,0,0,0,0,0,0,N/A,N/A,N/A,N/A,N/A
James Maslow,Peta Murgatroyd,Actor/Actress,New York,United States,23,18,Eliminated Week 10,4,7,7,7,N/A,9,8,8,N/A,9,9,9,9,9,8,9,9,10,10,10,10,9,9,8,9,8.5,9.5,8,9,8,9,10,9,9.5,9.5,9.5,9.5,9.5,9.5,10,N/A,N/A,N/A,N/A,N/A
Candace Cameron Bure,Mark Ballas,Actor/Actress,California,United States,37,18,3rd Place,3,9,8,8,N/A,7,7,7,N/A,8,8,8,8,7,7,7,7,8,9,9,9,8,8,8,8,9,9.5,9,9.5,9,9,9,9,8.5,9.5,9.5,8.5,8.6666,8.6666,8.6666,N/A,N/A,N/A,N/A,N/A
Sean Avery,Karina Smirnoff,Athlete,,Canada,33,18,Eliminated Week 2,11,7,6,7,N/A,7,7,7,N/A,0,0,0,0,0,0,0,0,0,0,0,0,0,0,0,0,0,0,0,0,0,0,0,0,0,0,0,0,0,0,0,N/A,N/A,N/A,N/A,N/A
Diana Nyad,Henry Byalikov,Athlete,New York,United States,64,18,Eliminated Week 2,12,6,6,6,N/A,0,0,0,N/A,0,0,0,0,0,0,0,0,0,0,0,0,0,0,0,0,0,0,0,0,0,0,0,0,0,0,0,0,0,0,0,N/A,N/A,N/A,N/A,N/A
Charlie White,Sharna Burgess,Athlete,Michigan,United States,26,18,Eliminated Week 9,5,9,9,9,N/A,9,7,9,N/A,9,9,9,9,7,8,9,9,9,10,9,9,9,9,9,9,8.5,10,8,9,10,10,10,10,9.5,9.5,9.5,9.5,0,0,0,N/A,N/A,N/A,N/A,N/A
Amy Purdy,Derek Hough,Athlete,Nevada,United States,34,18,2nd Place,2,8,8,8,N/A,8,8,8,N/A,9,9,9,9,9,8,8,9,9,9,10,9,9,10,9,10,9.5,9.5,9,9.5,10,10,10,10,9.5,9.5,10,10,10,9.6666,10,N/A,N/A,N/A,N/A,N/A
Meryl Davis,Maksim Chmerkoskiy,Athlete,Michigan,United States,27,18,1st Place,1,8,8,8,N/A,8,9,8,N/A,10,9,10,10,10,9,10,10,9,9,9,9,10,10,10,10,10,10,9,10,9,9,8,10,10,10,10,10,10,10,10,N/A,N/A,N/A,N/A,N/A
Drew Carey,Cheryl Burke,Comedian,Ohio,United States,55,18,Eliminated Week 6,8,7,7,7,N/A,7,7,7,N/A,7,7,8,8,8,8,9,8,7,7,7,7,8,9,7,8,0,0,0,0,0,0,0,0,0,0,0,0,0,0,0,N/A,N/A,N/A,N/A,N/A
Cody Simpson,Witney Carson,Singer/Rapper,,Australia,17,18,Eliminated Week 5,9,7,7,8,N/A,7,7,8,N/A,9,8,9,9,8,7,8,8,9,8,8,9,0,0,0,0,0,0,0,0,0,0,0,0,0,0,0,0,0,0,0,N/A,N/A,N/A,N/A,N/A
NeNe Leakes,Tony Dovolani,TV Personality,New York,United States,46,18,Eliminated Week 7,7,7,7,7,N/A,7,7,7,N/A,8,7,8,8,8,8,8,8,9,9,9,9,8,9,8,8,8,9,7.5,8.5,0,0,0,0,0,0,0,0,0,0,0,N/A,N/A,N/A,N/A,N/A
Antonio Sabato Jr.,Cheryl Burke,Actor/Actress,,Italy,42,19,Eliminated Week 7,8,6,6,6,7,8,7,8,8,7,7,7,8,7,7,7,8,8,6,7,7,7,7,7,7,7,7.5,7.5,7.5,0,0,0,0,0,0,0,0,0,0,0,0,0,0,0,0
Jonathan Bennett,Allison Holker,Actor/Actress,Ohio,United States,33,19,Eliminated Week 6,9,8,7,7,8,7,7,8,8,8,8,8,8,6,6,6,6,6,6,6,6,8,8,8,8,0,0,0,0,0,0,0,0,0,0,0,0,0,0,0,0,0,0,0,0
Lea Thompson,Artem Chigvintsev,Actor/Actress,Minnesota,United States,53,19,Eliminated Week 9,6,8,8,8,8,9,8,9,9,7,8,8,8,10,10,10,9,9,8,8,9,8,8,8,8,8.5,8.5,9,9,8,8,8,8,8.5,9,8.5,9,0,0,0,0,0,0,0,0
Janel Parrish,Valentin Chmerkovskiy,Actor/Actress,Hawaii,United States,25,19,3rd Place,3,7,7,7,8,9,8,8,9,10,10,10,10,9,9,9,9,8,8,8,9,8,7,9,9,8.5,8,8.5,8.5,10.75,10.75,10.75,10.75,9.5,9.5,10,9.5,9.5,9.5,10,10,9.6666,10,9.6666,9.6666
Alfonso Ribeiro,Witney Carson,Actor/Actress,New York,United States,42,19,1st Place,1,9,9,9,9,8,8,8,8,8,8,8,8,10,10,10,10,8,9,9,8,10,10,9,10,8.5,8.5,8.5,8.5,10.75,9.75,9.75,10.75,9.5,9.5,9.5,10,9.5,9,9.5,9.5,10,10,10,10
Lolo Jones,Keo Motsepe,Athlete,Iowa,United States,32,19,Eliminated Week 1,13,6,6,5,5,0,0,0,0,0,0,0,0,0,0,0,0,0,0,0,0,0,0,0,0,0,0,0,0,0,0,0,0,0,0,0,0,0,0,0,0,0,0,0,0
Randy Couture,Karina Smirnoff,Athlete,Washington,United States,51,19,Eliminated Week 3,11,8,7,8,8,7,7,7,7,7,7,6,6,0,0,0,0,0,0,0,0,0,0,0,0,0,0,0,0,0,0,0,0,0,0,0,0,0,0,0,0,0,0,0,0
Tommy Chong,Peta Murgatroyd,Comedian,,Canada,76,19,Eliminated Week 10,5,7,6,7,7,7,7,7,7,8,10,8,8,7,7,7,7,6,6,5,6,7,7,7,7,7.5,7.5,7.5,7.5,6.75,7.75,7.75,6.75,7,7.5,7,7,8,7.5,8,7.5,0,0,0,0
Betsey Johnson,Tony Dovolani,Fashion Designer,Connecticut,United States,72,19,Eliminated Week 4,10,5,5,5,5,7,7,7,7,7,9,6,7,8,7,7,7,0,0,0,0,0,0,0,0,0,0,0,0,0,0,0,0,0,0,0,0,0,0,0,0,0,0,0,0
Michael Waltrip,Emma Slater,Racing Driver,Kentucky,United States,51,19,Eliminated Week 8,7,7,6,6,6,6,6,6,6,7,7,7,7,6,6,6,7,5,5,5,5,8,7,8,7,7,7,7,7,6,7,6,6,0,0,0,0,0,0,0,0,0,0,0,0
Tavis Smiley,Sharna Burgess,Radio Personality,Mississippi,United States,50,19,Eliminated Week 2,12,7,7,8,7,7,7,7,7,0,0,0,0,0,0,0,0,0,0,0,0,0,0,0,0,0,0,0,0,0,0,0,0,0,0,0,0,0,0,0,0,0,0,0,0
Bethany Mota,Derek Hough,Social Media Personality,California,United States,18,19,Eliminated Week 11,4,8,8,8,8,8,9,8,8,10,10,10,10,8,8,8,9,8,8,8,8,9,9,9,9,9.5,9,9.5,9.5,9.75,9.75,9.75,10.75,9,9.5,9.5,9,9.5,9.5,9.5,9.5,9.5,9.5,9.5,9.5
Sadie Robertson,Mark Ballas,TV Personality,Louisiana,United States,17,19,2nd Place,2,8,8,9,9,8,7,8,8,8,8,8,8,9,10,9,9,9,9,9,9,9,10,8,8,7.5,7.5,8,8,9,9,10,10,9,9.5,9,9,9,9.5,9.5,9,10,9.6666,10,9.6666
Suzanne Somers,Tony Dovolani,Actor/Actress,California,United States,68,20,Eliminated Week 5,9,6,6,6,7,7,7,7,7,6,6,6,7,7,7,7,7,7,7,7,7,0,0,0,0,0,0,0,0,0,0,0,0,0,0,0,0,0,0,0,0,N/A,N/A,N/A,N/A
Willow Shields,Mark Ballas,Actor/Actress,New Mexico,United States,14,20,Eliminated Week 7,7,6,6,6,7,8,8,8,8,8,8,8,8,10,9,10,10,8,8,9,9,9.5,8.5,9,9.5,9.5,9.5,9.5,10.5,0,0,0,0,0,0,0,0,0,0,0,0,N/A,N/A,N/A,N/A
Riker Lynch,Allison Holker,Actor/Actress,Colorado,United States,23,20,2nd Place,2,8,7,8,8,8,8,8,8,9,7,9,9,8,8,9,9,10,9,9,10,10,8.5,9.5,10,9,10,9,9,10,9,10,10,10,10,10,10,10,10,10,10,N/A,N/A,N/A,N/A
Rumer Willis,Valentin Chmerkovskiy,Actor/Actress,Kentucky,United States,26,20,1st Place,1,8,8,8,8,8,8,8,8,8,9,8,8,9,8,9,9,10,9,10,10,9,8.5,8.5,9.5,8.5,9.5,9.5,9.5,10,10,10,10,10,9.5,9.5,10,10,10,10,10,N/A,N/A,N/A,N/A
Nastia Liukin,Derek Hough,Athlete,,Russia,25,20,Eliminated Week 9,4,7,7,8,8,9,8,8,9,9,8,9,8,9,8,9,10,9,9,10,10,9.5,8.5,9,9.5,10.75,9.75,9.75,10.75,9.5,9.5,9.5,9.5,10,10,10,10,0,0,0,0,N/A,N/A,N/A,N/A
Michael Sam,Peta Murgatroyd,Athlete,Texas,United States,25,20,Eliminated Week 4,10,6,6,7,7,7,7,7,7,6,6,6,6,7,7,8,8,0,0,0,0,0,0,0,0,0,0,0,0,0,0,0,0,0,0,0,0,0,0,0,0,N/A,N/A,N/A,N/A
Robert Herjavec,Kym Johnson,Entrepreneur,,Croatia,52,20,Eliminated Week 8,6,7,7,7,7,7,7,7,7,7,7,8,7,8,9,8,9,6,6,6,6,8.5,8,8.5,8.5,7,8,8,8,7.5,7.5,8.5,7.5,0,0,0,0,0,0,0,0,N/A,N/A,N/A,N/A
Charlotte McKinney,Keo Motsepe,Model,Florida,United States,21,20,Eliminated Week 3,11,6,5,5,6,7,6,7,6,6,5,5,6,0,0,0,0,0,0,0,0,0,0,0,0,0,0,0,0,0,0,0,0,0,0,0,0,0,0,0,0,N/A,N/A,N/A,N/A
Noah Galloway,Sharna Burgess,Motivational Speaker,Alabama,United States,33,20,3rd Place,3,7,6,6,7,7,6,7,7,7,7,8,8,8,8,8,8,7,7,7,7,8.5,8,8.5,9,10.5,8.5,9.5,9.5,8,7.5,8,8,9.5,9.5,9.5,9.5,9,9,9,9,N/A,N/A,N/A,N/A
Redfoo,Emma Slater,Singer/Rapper,California,United States,39,20,Eliminated Week 2,12,6,5,5,6,8,7,8,8,0,0,0,0,0,0,0,0,0,0,0,0,0,0,0,0,0,0,0,0,0,0,0,0,0,0,0,0,0,0,0,0,N/A,N/A,N/A,N/A
Patti LaBelle,Artem Chigvintsev,Singer/Rapper,Pennsylvania,United States,70,20,Eliminated Week 6,8,7,6,6,6,7,7,7,7,6,5,5,6,8,7,7,8,7,6,7,7,9,8,8.5,8.5,0,0,0,0,0,0,0,0,0,0,0,0,0,0,0,0,N/A,N/A,N/A,N/A
Chris Soules,Witney Carson,TV Personality,Iowa,United States,33,20,Eliminated Week 8,5,7,6,6,7,5,6,5,5,7,7,7,7,7,6,7,7,7,6,7,7,9,8,9,9,8,7,8,8,8,7.5,8.5,8,0,0,0,0,0,0,0,0,N/A,N/A,N/A,N/A
Gary Busey,Anna Trebunskaya,Actor/Actress,Texas,United States,71,21,Eliminated Week 4,10,5,5,5,N/A,5.5,5.5,5.5,N/A,6,7,6,6,5,6,5,N/A,0,0,0,0,0,0,0,0,0,0,0,N/A,0,0,0,N/A,0,0,0,N/A,0,0,0,N/A,0,0,0,N/A
Alexa PenaVega,Mark Ballas,Actor/Actress,Florida,United States,27,21,Eliminated Week 9,6,7,7,8,N/A,7.5,7.5,8,N/A,9,9,9,9,7,7,7,N/A,10,10,10,10,8,7,7,8,9,9.5,9,N/A,9.6666,8.6666,8.6666,N/A,10,10,10,N/A,0,0,0,N/A,0,0,0,N/A
Carlos PenaVega,Witney Carson,Actor/Actress,Missouri,United States,26,21,Eliminated Week 11,4,8,8,7,N/A,7.5,7.5,7.5,N/A,7,8,8,8,9,8,8,N/A,10,10,9,10,10,9,9,10,9,10,9,N/A,9.6666,9.6666,9.6666,N/A,9,9,9,N/A,10,10.5,11,N/A,10,10,10,N/A
Victor Espinoza,Karina Smirnoff,Athlete,,Mexico,43,21,Eliminated Week 2,12,5,5,5,N/A,6.5,5.5,6.5,N/A,0,0,0,0,0,0,0,N/A,0,0,0,0,0,0,0,0,0,0,0,N/A,0,0,0,N/A,0,0,0,N/A,0,0,0,N/A,0,0,0,N/A
Alek Skarlatos,Lindsay Arnold,Military,California,United States,22,21,3rd Place,3,8,7,7,N/A,7.5,7,8,N/A,8,8,9,8,8,8,8,N/A,8,7,7,7,8,8,7,7,9,9,8.5,N/A,9,8,8,N/A,8.5,8.5,8.5,N/A,9.5,9.5,9.5,N/A,9.3333,9.3333,9.3333,N/A
Chaka Khan,Keo Motsepe,Singer/Rapper,Illinois,United States,62,21,Eliminated Week 2,13,5,4,4,N/A,5,5,5,N/A,0,0,0,0,0,0,0,N/A,0,0,0,0,0,0,0,0,0,0,0,N/A,0,0,0,N/A,0,0,0,N/A,0,0,0,N/A,0,0,0,N/A
Andy Grammer,Allison Holker,Singer/Rapper,California,United States,31,21,Eliminated Week 8,7,7,7,7,N/A,7.5,7.5,7,N/A,7,7,8,7,7,8,8,N/A,9,9,9,9,10,10,10,10,9.5,9.5,9,N/A,8.6666,7.6666,7.6666,N/A,0,0,0,N/A,0,0,0,N/A,0,0,0,N/A
Tamar Braxton,Valentin Chmerkovskiy,Singer/Rapper,Maryland,United States,38,21,Withdrew,5,8,7,8,N/A,8,8,8.5,N/A,8,9,8,8,9,9,9,N/A,7,7,8,7,10,10,10,10,9,9,9,N/A,9,9,10,N/A,8.5,8,8,N/A,0,0,0,N/A,0,0,0,N/A
Nick Carter,Sharna Burgess,Singer/Rapper,New York,United States,35,21,2nd Place,2,8,8,8,N/A,7.5,7.5,7.5,N/A,9,9,9,9,9,9,9,N/A,9,9,8,9,9,10,10,10,9,9,9,N/A,11,11,11,N/A,9,9,9.5,N/A,9,9,9,N/A,10,10,10,N/A
Hayes Grier,Emma Slater,Social Media Personality,North Carolina,United States,15,21,Eliminated Week 7,8,7,7,7,N/A,8,7,7.5,N/A,7,8,7,8,9,9,9,N/A,8,8,7,7,8,8,8,8,9,9.5,9.5,N/A,0,0,0,N/A,0,0,0,N/A,0,0,0,N/A,0,0,0,N/A
Bindi Irwin,Derek Hough,TV Personality,,Australia,17,21,1st Place,1,8,8,8,N/A,8,8,8,N/A,8,8,8,8,9,9,10,N/A,9,9,10,9,10,10,10,10,9.5,10,9.5,N/A,10,9,9,N/A,10,10,10,N/A,10.5,10.5,10.5,N/A,10,10,10,N/A
Kim Zolciak-Biermann,Tony Dovolani,TV Personality,Florida,United States,37,21,Withdrew,11,4,4,4,N/A,6.5,6,6,N/A,0,0,0,0,0,0,0,N/A,0,0,0,0,0,0,0,0,0,0,0,N/A,0,0,0,N/A,0,0,0,N/A,0,0,0,N/A,0,0,0,N/A
Paula Deen,Louis van Amstel,TV Personality,Georgia,United States,68,21,Eliminated Week 6,9,5,5,5,N/A,6.5,6,6,N/A,5,5,5,5,6,6,6,N/A,7,7,6,6,6,6,6,6,0,0,0,N/A,0,0,0,N/A,0,0,0,N/A,0,0,0,N/A,0,0,0,N/A
Mischa Barton,Artem Chigvintsev,Actor/Actress,,England,30,22,Eliminated Week 3,11,5,5,6,N/A,5,5,5,N/A,6,6,6,N/A,0,0,0,0,0,0,0,0,0,0,0,N/A,0,0,0,N/A,0,0,0,N/A,0,0,0,N/A,0,0,0,N/A,N/A,N/A,N/A,N/A
Kim Fields,Sasha Farber,Actor/Actress,New York,United States,46,22,Eliminated Week 7,8,7,6,7,N/A,7,6,6,N/A,8,7,7,N/A,8,8,8,8,8,6,6,8,8,8,8,N/A,8.5,8.5,9,N/A,0,0,0,N/A,0,0,0,N/A,0,0,0,N/A,N/A,N/A,N/A,N/A
Jodie Sweetin,Keo Motsepe,Actor/Actress,California,United States,34,22,Eliminated Week 8,6,7,6,7,N/A,7,7,7,N/A,8,7,8,N/A,7,6,7,7,9,8,9,9,9,8,8,N/A,8,8.5,9,N/A,10,10,10,N/A,0,0,0,N/A,0,0,0,N/A,N/A,N/A,N/A,N/A
Doug Flutie,Karina Smirnoff,Athlete,Maryland,United States,53,22,Eliminated Week 6,9,5,5,5,N/A,7,6,7,N/A,7,6,7,N/A,6,6,6,6,7,7,7,7,7,7,7,N/A,0,0,0,N/A,0,0,0,N/A,0,0,0,N/A,0,0,0,N/A,N/A,N/A,N/A,N/A
Von Miller,Witney Carson,Athlete,Texas,United States,27,22,Eliminated Week 7,7,8,6,7,N/A,7,6,7,N/A,7,6,7,N/A,8,8,8,8,8,7,7,7,8,8,8,N/A,8.5,8.5,9,N/A,0,0,0,N/A,0,0,0,N/A,0,0,0,N/A,N/A,N/A,N/A,N/A
Antonio Brown,Sharna Burgess,Athlete,Florida,United States,27,22,Eliminated Week 9,5,8,6,7,N/A,6,6,7,N/A,7,6,7,N/A,9,8,9,9,7,6,6,7,9,9,9,N/A,8.5,8.5,9,N/A,9,9,9,N/A,9,9,9.5,N/A,0,0,0,N/A,N/A,N/A,N/A,N/A
Paige VanZant,Mark Ballas,Athlete,Oregon,United States,22,22,2nd Place,2,7,7,7,N/A,8,8,8,N/A,8,7,8,N/A,9,9,9,9,8,8,7,8,9,10,9,N/A,9,9,9.5,N/A,10,9,9,N/A,10,9.5,10,N/A,10,9.6666,10,N/A,N/A,N/A,N/A,N/A
Geraldo Rivera,Edyta Sliwinska,Journalist,New York,United States,72,22,Eliminated Week 2,12,5,4,4,N/A,5,4,4,N/A,0,0,0,N/A,0,0,0,0,0,0,0,0,0,0,0,N/A,0,0,0,N/A,0,0,0,N/A,0,0,0,N/A,0,0,0,N/A,N/A,N/A,N/A,N/A
Nyle DiMarco,Peta Murgatroyd,Model,New York,United States,26,22,1st Place,1,8,7,8,N/A,7,6,7,N/A,8,8,9,N/A,8,8,9,9,9,10,9,9,8,8,9,N/A,9.5,9,9.5,N/A,10,9,10,N/A,9.5,9.5,9.5,N/A,9.6666,9.6666,9.6666,N/A,N/A,N/A,N/A,N/A
Ginger Zee,Valentin Chmerkovskiy,News Anchor,California,United States,35,22,3rd Place,3,8,7,8,N/A,7,7,7,N/A,7,7,7,N/A,9,9,9,9,8,8,8,8,8,8,8,N/A,9,9,9.5,N/A,10,10,10,N/A,9,9.5,9.5,N/A,9.3333,9.6666,9.3333,N/A,N/A,N/A,N/A,N/A
Wanya Morris,Lindsay Arnold,Singer/Rapper,Pennsylvania,United States,42,22,Eliminated Week 9,4,8,7,8,N/A,8,8,8,N/A,8,8,8,N/A,8,9,9,9,8,7,7,8,10,9,10,N/A,9,9,9.5,N/A,8,8,9,N/A,10,10,10,N/A,0,0,0,N/A,N/A,N/A,N/A,N/A
Marla Maples,Tony Dovolani,TV Personality,Georgia,United States,52,22,Eliminated Week 4,10,7,7,7,N/A,7,6,7,N/A,7,7,7,N/A,7,7,7,7,0,0,0,0,0,0,0,N/A,0,0,0,N/A,0,0,0,N/A,0,0,0,N/A,0,0,0,N/A,N/A,N/A,N/A,N/A
Jake T. Austin,Jenna Johnson,Actor/Actress,New York,United States,21,23,Eliminated Week 2,13,5,6,5,6,6,6,6,6,0,0,0,0,0,0,0,N/A,0,0,0,N/A,0,0,0,0,0,0,0,0,0,0,0,N/A,0,0,0,0,0,0,0,N/A,0,0,0,0
Maureen McCormick,Artem Chigvintsev,Actor/Actress,California,United States,60,23,Eliminated Week 7,8,6,5,5,6,7,6,6,7,7,7,7,7,8,8,8,N/A,8,8,8,N/A,8,7,8,8,8.5,8,8,8.5,0,0,0,N/A,0,0,0,0,0,0,0,N/A,0,0,0,0
Marilu Henner,Derek Hough,Actor/Actress,Illinois,United States,64,23,Eliminated Week 9,6,7,7,6,7,7,6,7,7,7,7,7,7,7,7,7,N/A,9,9,9,N/A,8,9,9,8,7.5,8,8.5,8,7,8,8,N/A,9,9,9,9,0,0,0,N/A,0,0,0,0
Ryan Lochte,Cheryl Burke,Athlete,New York,United States,32,23,Eliminated Week 8,7,6,6,6,6,6,6,6,6,6,7,6,6,7,7,8,N/A,8,8,8,N/A,7,8,8,7,8.5,8,8,8.5,8,9,9,N/A,0,0,0,0,0,0,0,N/A,0,0,0,0
Calvin Johnson Jr.,Lindsay Arnold,Athlete,Georgia,United States,30,23,3rd Place,3,7,6,6,7,7,7,7,7,8,8,8,8,8,7,8,N/A,8,8,8,N/A,9,10,9,9,9.5,9,9,9.5,10,10,10,N/A,9,9,10,9,9,9.5,9.5,N/A,9.3333,9.6666,9.6666,9.6666
Laurie Hernandez,Valentin Chmerkovskiy,Athlete,New Jersey,United States,16,23,1st Place,1,8,8,7,8,8,8,8,8,7,8,8,8,10,10,10,N/A,8,9,8,N/A,9,9,9,10,8,8.5,9,9,11,11,11,N/A,10,10,10,10,10,10,10,N/A,9.6666,10,9.6666,10
Amber Rose,Maksim Chmerkoskiy,Model,Pennsylvania,United States,32,23,Eliminated Week 6,9,6,6,6,6,6,6,6,6,7,6,6,6,8,8,8,N/A,8,8,8,N/A,7,7,7,7,0,0,0,0,0,0,0,N/A,0,0,0,0,0,0,0,N/A,0,0,0,0
Rick Perry,Emma Slater,Politician,Texas,United States,66,23,Eliminated Week 3,12,5,5,5,5,6,5,6,5,6,5,6,6,0,0,0,N/A,0,0,0,N/A,0,0,0,0,0,0,0,0,0,0,0,N/A,0,0,0,0,0,0,0,N/A,0,0,0,0
James Hinchcliffe,Sharna Burgess,Racing Driver,,Canada,29,23,2nd Place,2,8,8,7,8,7,7,7,8,7,7,8,7,9,9,10,N/A,10,9,10,N/A,10,9,9,10,9.5,9,9,9.5,11.6666,11.6666,11.6666,N/A,9,9,9,9,9.5,10,10,N/A,9.6666,9.6666,9.6666,10
Babyface,Allison Holker,Singer/Rapper,Indiana,United States,57,23,Eliminated Week 4,11,7,6,6,7,8,7,7,8,7,6,6,6,6,6,6,N/A,0,0,0,N/A,0,0,0,0,0,0,0,0,0,0,0,N/A,0,0,0,0,0,0,0,N/A,0,0,0,0
Vanilla Ice,Witney Carson,Singer/Rapper,Texas,United States,48,23,Eliminated Week 4,10,7,5,6,7,6,7,6,7,6,6,5,6,8,7,8,N/A,0,0,0,N/A,0,0,0,0,0,0,0,0,0,0,0,N/A,0,0,0,0,0,0,0,N/A,0,0,0,0
Jana Kramer,Gleb Savchenko,Singer/Rapper,Michigan,United States,32,23,Eliminated Week 11,4,7,6,6,8,7,8,7,7,6,7,6,7,8,7,8,N/A,9,8,9,N/A,10,10,10,10,8,8.5,9,9,10,10,10,N/A,10,10,10,10,9.5,9.5,10,N/A,8.5,9,9,9
Terra Jole,Sasha Farber,TV Personality,Texas,United States,36,23,Eliminated Week 10,5,7,6,6,6,8,7,8,8,8,7,8,7,9,8,8,N/A,9,9,9,N/A,7,8,8,7,8.5,8.5,9,8.5,8,8,8,N/A,10,10,9,9,10,10,10,N/A,0,0,0,0
Charo,Keo Motsepe,Actor/Actress,,Spain,66,24,Eliminated Week 3,11,6,5,5,5,6,6,7,6,6,6,6,6,0,0,0,0,0,0,0,0,0,0,0,0,0,0,0,0,0,0,0,0,0,0,0,0,0,0,0,0,N/A,N/A,N/A,N/A
Mr. T,Kym Herjavec,Actor/Actress,Illinois,United States,64,24,Eliminated Week 4,10,5,5,5,5,6,5,6,5,6,6,6,6,7,7,7,7,0,0,0,0,0,0,0,0,0,0,0,0,0,0,0,0,0,0,0,0,0,0,0,0,N/A,N/A,N/A,N/A
Heather Morris,Maksim Chmerkoskiy,Actor/Actress,California,United States,30,24,Eliminated Week 6,8,7,7,7,7,8,6,8,8,9,8,8,8,8,9,9,9,8,8,9,9,9,9.5,9,9.5,0,0,0,0,0,0,0,0,0,0,0,0,0,0,0,0,N/A,N/A,N/A,N/A
Nancy Kerrigan,Artem Chigvintsev,Athlete,Massachusetts,United States,47,24,Eliminated Week 7,7,7,7,7,7,7,7,7,7,8,9,8,8,8,9,8,8,9,9,9,9,8.5,8.5,8,8.5,9,9,9,9,0,0,0,0,0,0,0,0,0,0,0,0,N/A,N/A,N/A,N/A
Bonner Bolton,Sharna Burgess,Athlete,Texas,United States,29,24,Eliminated Week 8,5,6,5,5,6,8,5,8,7,6,6,6,6,8,8,8,8,7,8,8,7,8,8.5,7.5,7.5,7.5,7.5,8.5,7.5,7.5,7,7.5,7,0,0,0,0,0,0,0,0,N/A,N/A,N/A,N/A
Simone Biles,Sasha Farber,Athlete,Ohio,United States,20,24,Eliminated Week 9,4,8,8,8,8,7,7,7,8,7,8,9,8,9,9,9,9,9,9,10,10,8.5,8.5,8.5,9,10.5,9.5,9.5,9.5,9,9,9,9,10,10,10,10,0,0,0,0,N/A,N/A,N/A,N/A
David Ross,Lindsay Arnold,Athlete,Georgia,United States,40,24,2nd Place,2,7,7,7,7,7,6,7,7,8,7,8,8,7,8,8,8,7,7,8,7,7.5,8.5,7.5,7.5,8,8,8,8,8,8,8.5,8,9,8.5,9,8.5,9,9,9.3333,9,N/A,N/A,N/A,N/A
Rashad Jennings,Emma Slater,Athlete,Virginia,United States,32,24,1st Place,1,8,7,8,8,8,8,8,8,7,7,7,7,10,9,10,10,7,8,9,8,8.5,9.5,8.5,8.5,9.5,9.5,10.5,9.5,9.5,9,9.5,9.5,9.5,9,10,10,10,9.6666,10,10,N/A,N/A,N/A,N/A
Chris Kattan,Witney Carson,Comedian,California,United States,46,24,Eliminated Week 2,12,5,4,4,4,6,5,6,5,0,0,0,0,0,0,0,0,0,0,0,0,0,0,0,0,0,0,0,0,0,0,0,0,0,0,0,0,0,0,0,0,N/A,N/A,N/A,N/A
Erika Jayne,Gleb Savchenko,Singer/Rapper,Georgia,United States,45,24,Eliminated Week 5,9,6,6,6,6,7,7,7,7,6,7,7,6,8,7,7,8,8,8,8,8,0,0,0,0,0,0,0,0,0,0,0,0,0,0,0,0,0,0,0,0,N/A,N/A,N/A,N/A
Normani,Valentin Chmerkovskiy,Singer/Rapper,Georgia,United States,20,24,3rd Place,3,7,6,7,7,8,8,8,8,8,8,9,9,8,7,8,9,10,9,10,10,9,9.5,8,9.5,10.5,10.5,10.5,10.5,10,9.5,10,10,9.5,9.5,9.5,9.5,10,9.6666,9.6666,10,N/A,N/A,N/A,N/A
Nick Viall,Peta Murgatroyd,TV Personality,Wisconsin,United States,36,24,Eliminated Week 7,6,6,6,6,6,7,5,7,6,7,6,7,6,8,7,8,7,9,8,9,8,7.5,8,7.5,7.5,8,8,9,9,0,0,0,0,0,0,0,0,0,0,0,0,N/A,N/A,N/A,N/A
Sasha Pieterse,Gleb Savchenko,Actor/Actress,,South Africa,21,25,Eliminated Week 5,10,6,6,6,N/A,8,7.5,7,N/A,7,6,6,N/A,8,8,8,N/A,8,8,8,N/A,0,0,0,0,0,0,0,N/A,0,0,0,N/A,0,0,0,N/A,0,0,0,0,N/A,N/A,N/A,N/A
Frankie Muniz,Witney Carson,Actor/Actress,New Jersey,United States,31,25,3rd Place,3,7,6,6,N/A,8,7.5,8.5,N/A,7,7,7,N/A,8,8,8,N/A,10,9,10,N/A,7,8,8,8,10,10,10,N/A,9,8.5,9,N/A,8.5,8,9,N/A,9.7777,9.3333,9.7777,10,N/A,N/A,N/A,N/A
Jordan Fisher,Lindsay Arnold,Actor/Actress,Alabama,United States,23,25,1st Place,1,8,7,7,N/A,8,8,8,N/A,9,7,9,N/A,10,9,10,N/A,10,10,10,N/A,10,9,10,10,9,9,9,N/A,10,10,10,N/A,9.5,9.5,10,N/A,10,10,10,10,N/A,N/A,N/A,N/A
Derek Fisher,Sharna Burgess,Athlete,Arkansas,United States,43,25,Eliminated Week 4,11,6,6,6,N/A,6.5,6,6.5,N/A,7,7,7,N/A,7,8,8,N/A,0,0,0,N/A,0,0,0,0,0,0,0,N/A,0,0,0,N/A,0,0,0,N/A,0,0,0,0,N/A,N/A,N/A,N/A
Nikki Bella,Artem Chigvintsev,Athlete,California,United States,33,25,Eliminated Week 7,8,7,7,6,N/A,6.5,6.5,6.5,N/A,7,7,7,N/A,8,8,8,N/A,9,9,9,N/A,9,9,9,9,8,8,8,N/A,0,0,0,N/A,0,0,0,N/A,0,0,0,0,N/A,N/A,N/A,N/A
Terrell Owens,Cheryl Burke,Athlete,Alabama,United States,43,25,Eliminated Week 8,6,5,5,5,N/A,6.5,6,7,N/A,7,7,7,N/A,8,8,8,N/A,9,8,8,N/A,9,9,10,9,8,8,8.5,N/A,8.5,8.5,8.5,N/A,0,0,0,N/A,0,0,0,0,N/A,N/A,N/A,N/A
Victoria Arlen,Valentin Chmerkovskiy,Athlete,New Hamshire,United States,22,25,Eliminated Week 9,5,7,6,6,N/A,7.5,7,7.5,N/A,8,7,7,N/A,9,9,9,N/A,9,9,9,N/A,8,8,7,8,9.5,9.5,9.5,N/A,8,8,8,N/A,9,9.5,9.5,N/A,0,0,0,0,N/A,N/A,N/A,N/A
Barbara Corcoran,Keo Motsepe,Entrepreneur,New Jersey,United States,68,25,Eliminated Week 2,13,5,4,5,N/A,6,5,6,N/A,0,0,0,N/A,0,0,0,N/A,0,0,0,N/A,0,0,0,0,0,0,0,N/A,0,0,0,N/A,0,0,0,N/A,0,0,0,0,N/A,N/A,N/A,N/A
Lindsey Stirling,Mark Ballas,Musician,California,United States,31,25,2nd Place,2,7,8,7,N/A,7.5,7.5,7.5,N/A,9,9,9,N/A,9,8,9,N/A,9,10,9,N/A,10,10,10,10,8.5,8.5,8.5,N/A,9.5,8.5,9,N/A,9.5,9,10,N/A,10,10,10,10,N/A,N/A,N/A,N/A
Debbie Gibson,Alan Bersten,Singer/Rapper,New York,United States,47,25,Eliminated Week 2,12,6,5,6,N/A,7,6.5,7,N/A,0,0,0,N/A,0,0,0,N/A,0,0,0,N/A,0,0,0,0,0,0,0,N/A,0,0,0,N/A,0,0,0,N/A,0,0,0,0,N/A,N/A,N/A,N/A
Nick Lachey,Peta Murgatroyd,Singer/Rapper,Kentucky,United States,43,25,Eliminated Week 6,9,6,6,6,N/A,7,6,6,N/A,7,7,7,N/A,8,7,7,N/A,7,8,7,N/A,7,6,7,6,0,0,0,N/A,0,0,0,N/A,0,0,0,N/A,0,0,0,0,N/A,N/A,N/A,N/A
Drew Scott,Emma Slater,TV Personality,,Canada,39,25,Eliminated Week 10,4,6,5,5,N/A,7,6.5,7,N/A,8,7,8,N/A,8,8,8,N/A,9,8,8,N/A,7,7,9,7,9.5,9.5,9.5,N/A,8,7.5,8,N/A,8,8,8,N/A,9,9.5,9.5,9.5,N/A,N/A,N/A,N/A
Vanessa Lachey,Maksim Chmerkoskiy,TV Personality,,Philippines,36,25,Eliminated Week 7,7,7,7,7,N/A,8,8,7.5,N/A,7,8,8,N/A,8,8,8,N/A,8,8,8,N/A,9,9,9,9,9,9,9,N/A,0,0,0,N/A,0,0,0,N/A,0,0,0,0,N/A,N/A,N/A,N/A
Jamie Anderson,Artem Chigvintsev,Athlete,California,United States,27,26,Eliminated Week 1,10,6,7,6,N/A,0,0,0,0,0,0,0,0,0,0,0,N/A,N/A,N/A,N/A,N/A,N/A,N/A,N/A,N/A,N/A,N/A,N/A,N/A,N/A,N/A,N/A,N/A,N/A,N/A,N/A,N/A,N/A,N/A,N/A,N/A,N/A,N/A,N/A,N/A
Johnny Damon,Emma Slater,Athlete,Kansas,United States,44,26,Eliminated Week 1,9,6,6,6,N/A,0,0,0,0,0,0,0,0,0,0,0,N/A,N/A,N/A,N/A,N/A,N/A,N/A,N/A,N/A,N/A,N/A,N/A,N/A,N/A,N/A,N/A,N/A,N/A,N/A,N/A,N/A,N/A,N/A,N/A,N/A,N/A,N/A,N/A,N/A
Kareem Abdul-Jabbar,Lindsay Arnold,Athlete,New York,United States,71,26,Eliminated Week 2,8,6,5,6,N/A,7.5,8,7,7,0,0,0,0,0,0,0,N/A,N/A,N/A,N/A,N/A,N/A,N/A,N/A,N/A,N/A,N/A,N/A,N/A,N/A,N/A,N/A,N/A,N/A,N/A,N/A,N/A,N/A,N/A,N/A,N/A,N/A,N/A,N/A,N/A
Arike Ogunbowale,Gleb Savchenko,Athlete,Wisconsin,United States,21,26,Eliminated Week 2,7,7,6,7,N/A,8.5,9.5,8.5,8.5,0,0,0,0,0,0,0,N/A,N/A,N/A,N/A,N/A,N/A,N/A,N/A,N/A,N/A,N/A,N/A,N/A,N/A,N/A,N/A,N/A,N/A,N/A,N/A,N/A,N/A,N/A,N/A,N/A,N/A,N/A,N/A,N/A
Jennie Finch Daigle,Keo Motsepe,Athlete,California,United States,37,26,Eliminated Week 3,6,7,7,7,N/A,7.5,8.5,8,7.5,7,8,7,7,0,0,0,N/A,N/A,N/A,N/A,N/A,N/A,N/A,N/A,N/A,N/A,N/A,N/A,N/A,N/A,N/A,N/A,N/A,N/A,N/A,N/A,N/A,N/A,N/A,N/A,N/A,N/A,N/A,N/A,N/A
Chris Mazdzer,Witney Carson,Athlete,Massachusetts,United States,29,26,Eliminated Week 3,5,7,7,7,N/A,8.5,8.5,8,8,8,9,7,9,0,0,0,N/A,N/A,N/A,N/A,N/A,N/A,N/A,N/A,N/A,N/A,N/A,N/A,N/A,N/A,N/A,N/A,N/A,N/A,N/A,N/A,N/A,N/A,N/A,N/A,N/A,N/A,N/A,N/A,N/A
Mirai Nagasu,Alan Bersten,Athlete,California,United States,25,26,Eliminated Week 3,4,7,8,8,N/A,9,10,9,9,9,9,8,9,0,0,0,N/A,N/A,N/A,N/A,N/A,N/A,N/A,N/A,N/A,N/A,N/A,N/A,N/A,N/A,N/A,N/A,N/A,N/A,N/A,N/A,N/A,N/A,N/A,N/A,N/A,N/A,N/A,N/A,N/A
Tonya Harding,Sasha Farber,Athlete,Oregon,United States,47,26,3rd Place,3,8,8,7,N/A,8,9,8,8,8.5,9.5,8.5,8.5,9,9.5,9.5,N/A,N/A,N/A,N/A,N/A,N/A,N/A,N/A,N/A,N/A,N/A,N/A,N/A,N/A,N/A,N/A,N/A,N/A,N/A,N/A,N/A,N/A,N/A,N/A,N/A,N/A,N/A,N/A,N/A
Josh Norman,Sharna Burgess,Athlete,South Carolina,United States,30,26,2nd Place,2,8,8,8,N/A,7.5,8,8,8,9.5,9.5,9.5,9.5,9.5,9.5,9.5,N/A,N/A,N/A,N/A,N/A,N/A,N/A,N/A,N/A,N/A,N/A,N/A,N/A,N/A,N/A,N/A,N/A,N/A,N/A,N/A,N/A,N/A,N/A,N/A,N/A,N/A,N/A,N/A,N/A
Adam Rippon,Jenna Johnson,Athlete,Pennsylvania,United States,28,26,1st Place,1,8,8,8,N/A,9,9.5,9,9.5,10.5,10.5,9.5,10.5,9.5,9.5,10,N/A,N/A,N/A,N/A,N/A,N/A,N/A,N/A,N/A,N/A,N/A,N/A,N/A,N/A,N/A,N/A,N/A,N/A,N/A,N/A,N/A,N/A,N/A,N/A,N/A,N/A,N/A,N/A,N/A
Juan Pablo Di Pace,Cheryl Burke,Actor/Actress,,Argentina,39,27,Eliminated Week 8,5,7,7,8,N/A,9,8,9,N/A,10,10,10,N/A,8,8,8,N/A,10,9,10,N/A,10,10,10,N/A,9.5,9,9.5,N/A,10,10,10,N/A,0,0,0,N/A,N/A,N/A,N/A,N/A,N/A,N/A,N/A,N/A
Evanna Lynch,Keo Motsepe,Actor/Actress,,Ireland,27,27,3rd Place,3,7,5,6,N/A,8,8,8,N/A,9,9,9,N/A,8,8,8,N/A,8,8,8,N/A,10,9,10,N/A,10,9.5,10,N/A,10,9.5,9.5,N/A,10,10,10,N/A,N/A,N/A,N/A,N/A,N/A,N/A,N/A,N/A
Nancy McKeon,Valentin Chmerkovskiy,Actor/Actress,New York,United States,52,27,Eliminated Week 3,11,6.5,6.5,6.5,N/A,7,6.5,7,N/A,8,7,7,N/A,0,0,0,N/A,0,0,0,N/A,0,0,0,N/A,0,0,0,N/A,0,0,0,N/A,0,0,0,N/A,N/A,N/A,N/A,N/A,N/A,N/A,N/A,N/A
John Schneider,Emma Slater,Actor/Actress,New York,United States,58,27,Eliminated Week 7,8,7,5,6,N/A,7.5,6.5,7.5,N/A,7,7,7,N/A,7,7,7,N/A,8,8,8,N/A,6,7,6,N/A,9,9,9,N/A,0,0,0,N/A,0,0,0,N/A,N/A,N/A,N/A,N/A,N/A,N/A,N/A,N/A
Milo Manheim,Witney Carson,Actor/Actress,California,United States,17,27,2nd Place,2,7,6,7,N/A,9,8,9,N/A,9,9,9,N/A,10,9,10,N/A,9,8,10,N/A,10,10,10,N/A,10,9,10,N/A,9,9,9.5,N/A,10,10,10,N/A,N/A,N/A,N/A,N/A,N/A,N/A,N/A,N/A
Danelle Umstead,Artem Chigvintsev,Athlete,New Mexico,United States,46,27,Eliminated Week 2,12,6,6,6,N/A,6.5,6,6,N/A,0,0,0,N/A,0,0,0,N/A,0,0,0,N/A,0,0,0,N/A,0,0,0,N/A,0,0,0,N/A,0,0,0,N/A,N/A,N/A,N/A,N/A,N/A,N/A,N/A,N/A
Mary Lou Retton,Sasha Farber,Athlete,West Virginia,United States,50,27,Eliminated Week 6,9,6.5,7,6.5,N/A,8,7.5,7.5,N/A,8,8,8,N/A,9,8,9,N/A,9,8,8,N/A,8,8,8,N/A,0,0,0,N/A,0,0,0,N/A,0,0,0,N/A,N/A,N/A,N/A,N/A,N/A,N/A,N/A,N/A
DeMarcus Ware,Lindsay Arnold,Athlete,Alabama,United States,36,27,Eliminated Week 7,7,8,7,8,N/A,8,7.5,8,N/A,9,8,9,N/A,7,7,8,N/A,9,8,9,N/A,8,9,9,N/A,9,8.5,9,N/A,0,0,0,N/A,0,0,0,N/A,N/A,N/A,N/A,N/A,N/A,N/A,N/A,N/A
Nikki Glaser,Gleb Savchenko,Comedian,Ohio,United States,34,27,Eliminated Week 1,13,6,5.5,6,N/A,0,0,0,N/A,0,0,0,N/A,0,0,0,N/A,0,0,0,N/A,0,0,0,N/A,0,0,0,N/A,0,0,0,N/A,0,0,0,N/A,N/A,N/A,N/A,N/A,N/A,N/A,N/A,N/A
Bobby Bones,Sharna Burgess,Radio Personality,Arkansas,United States,38,27,1st Place,1,7,6,7,N/A,7,6,6.5,N/A,8,7,8,N/A,7,6,7,N/A,7,7,7,N/A,8,7,7,N/A,9,8.5,9,N/A,7.5,7.5,7.5,N/A,9,9,9,N/A,N/A,N/A,N/A,N/A,N/A,N/A,N/A,N/A
Tinashe,Brandon Armstrong,Singer/Rapper,Kentucky,United States,25,27,Eliminated Week 4,10,8,7,8,N/A,9,8,9,N/A,9,9,9,N/A,9,8,9,N/A,0,0,0,N/A,0,0,0,N/A,0,0,0,N/A,0,0,0,N/A,0,0,0,N/A,N/A,N/A,N/A,N/A,N/A,N/A,N/A,N/A
Alexis Ren,Alan Bersten,Social Media Personality,California,United States,21,27,4th Place,4,7,7.5,7.5,N/A,8,8.5,8,N/A,9,8,9,N/A,8,8,9,N/A,10,9,10,N/A,9,9,9,N/A,9,9,9.5,N/A,9.5,9.5,10,N/A,9.5,9.5,9.5,N/A,N/A,N/A,N/A,N/A,N/A,N/A,N/A,N/A
Joe Amabile,Jenna Johnson,TV Personality,Illinois,United States,32,27,Eliminated Week 8,6,5,4,5,N/A,5.5,6,6,N/A,6,6,6,N/A,5,5,5,N/A,6,5,6,N/A,8,7,7,N/A,8,7.5,8,N/A,8,7.5,7.5,N/A,0,0,0,N/A,N/A,N/A,N/A,N/A,N/A,N/A,N/A,N/A
Kate Flannery,Pasha Pashkov,Actor/Actress,Pennsylvania,United States,55,28,Eliminated Week 8,7,5,5,5,N/A,7,7,7,N/A,8,8,8,N/A,7,7,6,6,8,8,8,N/A,9,9,9,N/A,8,8,8,N/A,8.6666,8.6666,8.6666,N/A,0,0,0,0,0,0,0,N/A,0,0,0,N/A
James Van Der Beek,Emma Slater,Actor/Actress,Connecticut,United States,42,28,Eliminated Week 10,5,7,7,7,N/A,7,6,7,N/A,8,7,8,N/A,7,7,7,7,9,8,9,N/A,9,9,9,N/A,9,9,9,N/A,10.6666,10.6666,10.6666,N/A,9,8.5,9.5,9,8.5,8.5,8.5,N/A,0,0,0,N/A
Kel Mitchell,Witney Carson,Actor/Actress,Illinois,United States,41,28,2nd Place,2,6,5,5,N/A,7,6,7,N/A,7,6,7,N/A,8,8,8,8,9,8,9,N/A,9,8,9,N/A,8.5,8.5,8.5,N/A,9.6666,9.6666,10.6666,N/A,9,9,9.5,9.5,9.5,9.5,9.5,N/A,10,9.5,10,N/A
Ray Lewis,Cheryl Burke,Athlete,Florida,United States,44,28,Withdrew,11,5,5,5,N/A,5,5,5,N/A,0,0,0,N/A,0,0,0,0,0,0,0,N/A,0,0,0,N/A,0,0,0,N/A,0,0,0,N/A,0,0,0,0,0,0,0,N/A,0,0,0,N/A
Lamar Odom,Peta Murgatroyd,Athlete,New York,United States,39,28,Eliminated Week 4,10,5,3,3,N/A,4,4,4,N/A,4,4,4,N/A,5,7,4,4,0,0,0,N/A,0,0,0,N/A,0,0,0,N/A,0,0,0,N/A,0,0,0,0,0,0,0,N/A,0,0,0,N/A
Sailor Brinkley-Cook,Valentin Chmerkovskiy,Model,New York,United States,21,28,Eliminated Week 6,9,6,6,6,N/A,6,6,6,N/A,7,8,8,N/A,7,8,8,8,8,8,8,N/A,9,9,9,N/A,0,0,0,N/A,0,0,0,N/A,0,0,0,0,0,0,0,N/A,0,0,0,N/A
Sean Spicer,Lindsay Arnold,Politician,New York,United States,48,28,Eliminated Week 9,6,4,4,4,N/A,6,5,5,N/A,5,5,5,N/A,5,6,5,5,7,6,6,N/A,7,7,7,N/A,7,7,7,N/A,7,7,6,N/A,6.5,6,6.5,6,0,0,0,N/A,0,0,0,N/A
Mary Wilson,Brandon Armstrong,Singer/Rapper,Nevada,United States,75,28,Eliminated Week 2,12,6,5,6,N/A,5,5,5,N/A,0,0,0,N/A,0,0,0,0,0,0,0,N/A,0,0,0,N/A,0,0,0,N/A,0,0,0,N/A,0,0,0,0,0,0,0,N/A,0,0,0,N/A
Lauren Alaina,Gleb Savchenko,Singer/Rapper,Georgia,United States,24,28,4th Place,4,7,6,6,N/A,6,6,7,N/A,6,7,7,N/A,8,8,8,8,8,7,8,N/A,9,8,9,N/A,9,9,9,N/A,8,8,8,N/A,9,9,8.5,8.5,9,9,9,N/A,9.5,9.5,9.5,N/A
Ally Brooke,Sasha Farber,Singer/Rapper,Texas,United States,26,28,3rd Place,3,5,5,6,N/A,7,6,7,N/A,8,8,8,N/A,8,8,8,8,9,9,9,N/A,8,9,8,N/A,9,9,9,N/A,10,10,10,N/A,10,10,10,10,10,9.5,10,N/A,10,10,10,N/A
Karamo Brown,Jenna Johnson,TV Personality,Texas,United States,38,28,Eliminated Week 7,8,6,5,6,N/A,7,5,7,N/A,5,5,6,N/A,7,7,7,7,7,7,7,N/A,9,8,8,N/A,8.5,8,8,N/A,0,0,0,N/A,0,0,0,0,0,0,0,N/A,0,0,0,N/A
Hannah Brown,Alan Bersten,TV Personality,Alabama,United States,24,28,1st Place,1,7,7,6,N/A,8,8,8,N/A,7,7,7,N/A,8,8,8,8,9,7,9,N/A,8,8,8,N/A,8.5,9,8.5,N/A,10.6666,9.6666,10.6666,N/A,9,8.5,9,9,9,9,9,N/A,10,9.5,9.5,N/A
Anne Heche,Keo Motsepe,Actor/Actress,Ohio,United States,51,29,Eliminated Week 4,13,6,6,6,N/A,6,6,6,N/A,5,5,5,N/A,7,7,7,N/A,0,0,0,N/A,0,0,0,N/A,0,0,0,N/A,0,0,0,N/A,0,0,0,N/A,0,0,0,N/A,0,0,0,N/A
Jesse Metcalfe,Sharna Burgess,Actor/Actress,California,United States,41,29,Eliminated Week 5,12,6,6,6,N/A,7,7,6,N/A,7,6,7,N/A,7,7,7,N/A,7,6,6,N/A,0,0,0,N/A,0,0,0,N/A,0,0,0,N/A,0,0,0,N/A,0,0,0,N/A,0,0,0,N/A
Chrishell Stause,Gleb Savchenko,Actor/Actress,Kentucky,United States,39,29,Eliminated Week 8,8,4,5,4,N/A,6,6,6,N/A,7,7,8,N/A,7,8,7,N/A,6,6,7,N/A,8,8,8,N/A,9,9,8,N/A,9,9,9,N/A,0,0,0,N/A,0,0,0,N/A,0,0,0,N/A
Skai Jackson,Alan Bersten,Actor/Actress,New York,United States,18,29,Eliminated Week 10,5,7,7,7,N/A,5,5,5,N/A,6,6,6,N/A,10,9,9,N/A,8,8,8,N/A,6,6,6,N/A,9,9,9,N/A,8.6666,9.6666,8.6666,N/A,9.6666,9.6666,9.6666,N/A,9.5,9.5,9.5,N/A,0,0,0,N/A
Justina Machado,Sasha Farber,Actor/Actress,Illinois,United States,48,29,4th Place,4,7,7,7,N/A,7,7,7,N/A,7,6,6,N/A,8,8,8,N/A,8,8,8,N/A,9,9,9,N/A,9,9,8,N/A,9.6666,9.6666,9.6666,N/A,8.6666,8.6666,8.6666,N/A,9.5,10,9.5,N/A,10,10,10,N/A
Charles Oakley,Emma Slater,Athlete,Ohio,United States,56,29,Eliminated Week 2,15,4,4,4,N/A,5,5,5,N/A,0,0,0,N/A,0,0,0,N/A,0,0,0,N/A,0,0,0,N/A,0,0,0,N/A,0,0,0,N/A,0,0,0,N/A,0,0,0,N/A,0,0,0,N/A
Veron Davis,Peta Murgatroyd,Athlete,Washington D.C.,United States,36,29,Eliminated Week 6,11,5,6,6,N/A,6,6,6,N/A,8,7,7,N/A,8,7,7,N/A,7,7,7,N/A,7,7,7,N/A,0,0,0,N/A,0,0,0,N/A,0,0,0,N/A,0,0,0,N/A,0,0,0,N/A
Johnny Weir,Britt Stewart,Athlete,Pennsylvania,United States,36,29,Eliminated Week 10,6,6,6,6,N/A,6,6,6,N/A,8,8,8,N/A,8,8,8,N/A,10,10,9,N/A,7,8,7,N/A,9,9,9,N/A,10,10,10,N/A,10,10,10,N/A,9.5,9.5,9.5,N/A,0,0,0,N/A
Nev Schulman,Jenna Johnson,Producer,New York,United States,35,29,2nd Place,2,7,7,6,N/A,7,7,7,N/A,8,8,8,N/A,8,8,8,N/A,8,9,9,N/A,9,9,8,N/A,10,10,10,N/A,10,10,10,N/A,9.6666,9.6666,9.6666,N/A,10,10,10,N/A,10,10,10,N/A
AJ McLean,Cheryl Burke,Singer/Rapper,Florida,United States,42,29,Eliminated Week 9,7,6,6,6,N/A,7,6,6,N/A,7,7,7,N/A,8,8,8,N/A,8,8,8,N/A,9,9,9,N/A,9,8,9,N/A,9,9,9,N/A,7.6666,8.6666,8.6666,N/A,0,0,0,N/A,0,0,0,N/A
Nelly,Daniella Karagach,Singer/Rapper,Texas,United States,45,29,3rd Place,3,5,5,6,N/A,6,6,6,N/A,6,6,6,N/A,7,7,7,N/A,8,8,8,N/A,8,8,8,N/A,9,9,9,N/A,8,8,8,N/A,8,8,8,N/A,9.5,9,9.5,N/A,9.5,9.5,9.5,N/A
Kaitlyn Bristowe,Artem Chigvintsev,TV Personality,,Canada,35,29,1st Place,1,6,7,7,N/A,7,8,7,N/A,8,7,8,N/A,9,8,8,N/A,9,9,9,N/A,9,9,9,N/A,7,9,8,N/A,9,10,9,N/A,10,10,10,N/A,10,10,10,N/A,10,10,10,N/A
Carole Baskin,Pasha Pashkov,TV Personality,Texas,United States,59,29,Eliminated Week 3,14,4,4,3,N/A,6,5,5,N/A,5,4,3,N/A,0,0,0,N/A,0,0,0,N/A,0,0,0,N/A,0,0,0,N/A,0,0,0,N/A,0,0,0,N/A,0,0,0,N/A,0,0,0,N/A
Monica Aldama,Valentin Chmerkovskiy,TV Personality,Alabama,United States,48,29,Eliminated Week 7,10,6,7,6,N/A,5,6,5,N/A,7,7,7,N/A,8,8,8,N/A,9,9,8,N/A,9,9,9,N/A,7,8,7,N/A,0,0,0,N/A,0,0,0,N/A,0,0,0,N/A,0,0,0,N/A
Jeannie Mai,Brandon Armstrong,TV Personality,California,United States,41,29,Withdrew,9,6,6,6,N/A,6,6,6,N/A,7,7,8,N/A,7,7,7,N/A,8,8,8,N/A,8,8,9,N/A,8,9,8,N/A,0,0,0,N/A,0,0,0,N/A,0,0,0,N/A,0,0,0,N/A
Martin Kove,Britt Stewart,Actor/Actress,New York,United States,75,30,Eliminated Week 2,15,4,3,3,3,4,3,4,4,0,0,0,N/A,0,0,0,0,0,0,0,0,0,0,0,0,0,0,0,0,0,0,0,0,0,0,0,0,0,0,0,0,N/A,N/A,N/A,N/A
Brian Austin Green,Sharna Burgess,Actor/Actress,California,United States,48,30,Eliminated Week 4,13,6,6,6,6,6,5,6,6,7,6,6,N/A,6.5,6,7,6.5,0,0,0,0,0,0,0,0,0,0,0,0,0,0,0,0,0,0,0,0,0,0,0,0,N/A,N/A,N/A,N/A
Melora Hardin,Artem Chigvintsev,Actor/Actress,Texas,United States,54,30,Eliminated Week 9,6,7,6,7,6,7,6,7,7,8,7,8,N/A,9,9.5,9,9,9,9,9,9,8,9,8,9,9.5,9.5,9.5,9.5,10.5,10.5,10.5,10.5,8.5,9.5,9,9,0,0,0,0,N/A,N/A,N/A,N/A
Matt James,Lindsay Arnold,Athlete,North Carolina,United States,29,30,Eliminated Week 4,12,6,6,6,6,5,5,6,6,7,6,7,N/A,7,6.5,7.5,7.5,0,0,0,0,0,0,0,0,0,0,0,0,0,0,0,0,0,0,0,0,0,0,0,0,N/A,N/A,N/A,N/A
"Mike ""The Miz"" Mizanin",Witney Carson,Athlete,Ohio,United States,40,30,Eliminated Week 7,9,6,6,6,6,7,5,7,7,7,7,8,N/A,8.5,7.5,8.5,8,8,8,8,8,9,8,9,8,8,8,8,8,0,0,0,0,0,0,0,0,0,0,0,0,N/A,N/A,N/A,N/A
Suni Lee,Sasha Farber,Athlete,Minnesota,United States,18,30,Eliminated Week 9,5,7,7,7,7,7,7,7,7,7,7,7,N/A,8.5,8,9,8.5,9,9,9,9,9,9,9,9,8.25,8.25,8.25,9.25,10.5,10.5,10.5,10.5,10,9,9.5,9,0,0,0,0,N/A,N/A,N/A,N/A
Iman Shumpert,Daniella Karagach,Athlete,Illinois,United States,31,30,1st Place,1,7,4,5,5,7,6,6,6,7,6,6,N/A,8.5,6.5,8.5,8,7,7,7,7,10,10,10,10,9.5,7.5,8.5,8.5,9,8,9,9,9.5,9,10,9,10,10,10,10,N/A,N/A,N/A,N/A
Cody Rigsby,Cheryl Burke,Fitness Instructor,California,United States,34,30,3rd Place,3,6,6,6,6,6,6,6,6,6,6,6,N/A,7.5,6.5,7.5,7.5,8,8,8,8,9,9,9,9,8.5,8.5,9.5,9.5,10,10,9,9,9,9,8.5,9,9.5,9.5,9.5,9.5,N/A,N/A,N/A,N/A
Melanie C,Gleb Savchenko,Singer/Rapper,,England,47,30,Eliminated Week 5,11,7,7,6,7,7,7,8,8,7,7,8,N/A,8,8,8.5,8.5,9,9,9,9,0,0,0,0,0,0,0,0,0,0,0,0,0,0,0,0,0,0,0,0,N/A,N/A,N/A,N/A
Jimmie Allen,Emma Slater,Singer/Rapper,Delaware,United States,36,30,Eliminated Week 8,7,6,5,6,5,7,6,7,7,6,6,8,N/A,8.5,7.5,8.5,8,8,8,9,9,10,9,10,9,9,9,10,10,8,8,8,8,0,0,0,0,0,0,0,0,N/A,N/A,N/A,N/A
Olivia Jade,Valentin Chmerkovskiy,Social Media Personality,California,United States,21,30,Eliminated Week 8,8,7,6,6,6,7,6,7,7,8,8,8,N/A,8,9,9,9,9,9,9,9,9,9,9,9,11,9,11,11,9,9,9,9,0,0,0,0,0,0,0,0,N/A,N/A,N/A,N/A
JoJo Siwa,Jenna Johnson,Social Media Personality,Nebraska,United States,18,30,2nd Place,2,8,7,7,7,8,8,7,8,8,8,8,N/A,8.5,8.5,9,9,10,10,10,10,10,10,10,10,10,9,10,10,10.5,9.5,10.5,10.5,10,10,10,10,10,10,10,10,N/A,N/A,N/A,N/A
Christine Chiu,Pasha Pashkov,TV Personality,,Taiwan China,38,30,Eliminated Week 3,14,6,7,6,6,6,6,6,6,7,7,7,N/A,0,0,0,0,0,0,0,0,0,0,0,0,0,0,0,0,0,0,0,0,0,0,0,0,0,0,0,0,N/A,N/A,N/A,N/A
Kenya Moore,Brandon Armstrong,TV Personality,Michigan,United States,50,30,Eliminated Week 6,10,7,6,6,7,6,6,6,6,7,7,7,N/A,7,7,8,7.5,9,9,9,9,8,8,8,8,0,0,0,0,0,0,0,0,0,0,0,0,0,0,0,0,N/A,N/A,N/A,N/A
Amanda Kloots,Alan Bersten,TV Personality,Ohio,United States,39,30,4th Place,4,7,7,7,7,8,8,8,8,8,8,8,N/A,8.5,8.5,8.5,8.5,10,10,9,10,9,9,10,10,8.25,8.25,8.25,9.25,10.5,10.5,10.5,10.5,9.5,10,10,10,9.5,10,9.5,10,N/A,N/A,N/A,N/A
Jason Lewis,Peta Murgatroyd,Actor/Actress,California,United States,51,31,Eliminated Week 1,16,5,4,4,5,0,0,0,0,0,0,0,0,0,0,0,0,0,0,0,0,0,0,0,0,0,0,0,0,0,0,0,0,0,0,0,0,0,0,0,0,N/A,N/A,N/A,N/A
Cheryl Ladd,Louis van Amstel,Actor/Actress,South Dakota,United States,71,31,Eliminated Week 3,14,6,5,5,5,5,6,5,5,6,6,6,6,0,0,0,0,0,0,0,0,0,0,0,0,0,0,0,0,0,0,0,0,0,0,0,0,0,0,0,0,N/A,N/A,N/A,N/A
Selma Blair,Sasha Farber,Actor/Actress,Michigan,United States,50,31,Withdrew,12,7,7,7,7,7,7,7,7,7,7,7,7,8,8,8,8,10,10,10,10,0,0,0,0,0,0,0,0,0,0,0,0,0,0,0,0,0,0,0,0,N/A,N/A,N/A,N/A
Joseph Baena,Daniella Karagach,Actor/Actress,California,United States,24,31,Eliminated Week 5,11,6,5,6,6,6,6,6,6,8,7,7,7,7,7,7,7,9,8.5,9,8.5,0,0,0,0,0,0,0,0,0,0,0,0,0,0,0,0,0,0,0,0,N/A,N/A,N/A,N/A
Trevor Donovan,Emma Slater,Actor/Actress,California,United States,39,31,Eliminated Week 9,6,5,5,5,6,7,7,8,8,7,6,7,7,7,7,7,7,9,9,9,9,9,8,8,9,10,9,10,10,9.25,10.25,9.25,10.25,8.5,8,8,8,0,0,0,0,N/A,N/A,N/A,N/A
Daniel Durant,Britt Stewart,Actor/Actress,Michigan,United States,32,31,Eliminated Week 9,5,7,6,7,7,7,7,7,8,8,7,8,8,7,7,7,8,8.125,8.125,8.625,8.625,9,8,8,9,9,8.5,9.5,9.5,10,9,10,10,9,8,9,8.5,0,0,0,0,N/A,N/A,N/A,N/A
Wayne Brady,Witney Carson,Comedian,Georgia,United States,50,31,3rd Place,3,7,7,7,8,8,8,8,8,8,8,8,9,9,9,9,9,10.125,10.125,10.125,10.625,8,9,8,9,9.5,9,9.5,10,11.25,11.25,11.25,11.25,9.5,9,9,9,9.5,9.5,9.5,9.5,N/A,N/A,N/A,N/A
Sam Champion,Cheryl Burke,News Anchor,Kentucky,United States,61,31,Eliminated Week 4,13,5,5,5,5,6,6,7,7,6,6,6,7,7,6,6,6,0,0,0,0,0,0,0,0,0,0,0,0,0,0,0,0,0,0,0,0,0,0,0,0,N/A,N/A,N/A,N/A
Jessie James Decker,Alan Bersten,Singer/Rapper,,Italy,34,31,Eliminated Week 6,10,5,5,5,5,7,6,6,6,6,6,7,7,8,7,8,8,8.875,8.875,9.375,8.875,8,8,8,8,0,0,0,0,0,0,0,0,0,0,0,0,0,0,0,0,N/A,N/A,N/A,N/A
Jordin Sparks,Brandon Armstrong,Singer/Rapper,Arizona,United States,32,31,Eliminated Week 7,9,7,6,6,7,7,6,7,7,7,7,7,8,9,8,8,9,8.875,8.375,8.875,9.375,9,8,8,9,8.5,9,8.5,8.5,0,0,0,0,0,0,0,0,0,0,0,0,N/A,N/A,N/A,N/A
Heidi D'Amelio,Artem Chigvintsev,Social Media Personality,Louisiana,United States,50,31,Eliminated Week 8,8,6,6,6,6,7,7,7,7,8,8,8,8,9,8,8,9,9.625,10.125,9.625,9.625,9,9,9,9,8.5,9,9,8.5,9,8,9,9,0,0,0,0,0,0,0,0,N/A,N/A,N/A,N/A
Charli D'Amelio,Mark Ballas,Social Media Personality,Connecticut,United States,18,31,1st Place,1,8,8,8,8,8,8,8,8,8,8,8,9,9,9,9,9,10.375,10.375,10.375,10.875,10,10,10,10,9.5,9.5,10,10,11.25,11.25,11.25,11.25,10,10,10,10,10,10,10,10,N/A,N/A,N/A,N/A
Teresa Giudice,Pasha Pashkov,TV Personality,New Jersey,United States,50,31,Eliminated Week 2,15,5,5,5,5,6,5,6,6,0,0,0,0,0,0,0,0,0,0,0,0,0,0,0,0,0,0,0,0,0,0,0,0,0,0,0,0,0,0,0,0,N/A,N/A,N/A,N/A
Vinny Guadagnino,Koko Iwasaki,TV Personality,New York,United States,34,31,Eliminated Week 8,7,4,4,5,4,7,6,7,7,6,5,6,6,8,7,7,7,7.75,7.75,7.75,7.75,7,7,7,7,7.5,8,8,8,8,7,7,7,0,0,0,0,0,0,0,0,N/A,N/A,N/A,N/A
Shangela,Gleb Savchenko,TV Personality,Texas,United States,40,31,4th Place,4,7,7,7,7,7,7,7,7,8,7,7,8,8,8,8,8,9.75,9.25,9.75,9.75,9,9,9,9,9,9.5,9,9,11.25,10.25,10.25,10.25,9.5,9,9,9,9.5,9.5,9.5,9.5,N/A,N/A,N/A,N/A
Gabby Windey,Valentin Chmerkovskiy,TV Personality,Illinois,United States,31,31,2nd Place,2,7,7,7,7,8,8,8,8,8,8,8,9,9,9,9,9,10.25,10.25,10.25,10.25,9,9,9,10,9,9,8.5,9,10,10,10,10,10,10,10,10,10,10,10,10,N/A,N/A,N/A,N/A
Jamie Lynn Spears,Alan Bersten,Actor/Actress,Mississippi,United States,32,32,Eliminated Week 2,13,5,5,5,N/A,6,5,5,N/A,0,0,0,0,0,0,0,N/A,0,0,0,N/A,0,0,0,0,0,0,0,0,0,0,0,0,0,0,0,0,0,0,0,N/A,0,0,0,N/A
Mira Sorvino,Gleb Savchenko,Actor/Actress,New York,United States,55,32,Eliminated Week 5,10,6,5,6,N/A,6,6,6,N/A,6,6,7,7,7,7,7,N/A,7,8,7,N/A,0,0,0,0,0,0,0,0,0,0,0,0,0,0,0,0,0,0,0,N/A,0,0,0,N/A
Barry Williams,Peta Murgatroyd,Actor/Actress,California,United States,68,32,Eliminated Week 8,7,6,5,5,N/A,5,5,5,N/A,6,6,7,6,6,6,6,N/A,8,8,8,N/A,8.25,7.25,8.25,8.25,8,8,8.5,8,8.75,8.75,8.75,8.75,0,0,0,0,0,0,0,N/A,0,0,0,N/A
Alyson Hannigan,Sasha Farber,Actor/Actress,Washington D.C.,United States,49,32,5th Place,5,5,4,4,N/A,7,6,6,N/A,6,6,6,6,6,6,6,N/A,7,7,7,N/A,7.5,7.5,7.5,8.5,8.5,8.5,9.5,8.5,8.75,8.75,9.75,8.75,7.75,7.75,8.75,7.75,8.5,8.5,8.5,N/A,9,8.5,9,N/A
Xochitl Gomez,Valentin Chmerkovskiy,Actor/Actress,California,United States,17,32,1st Place,1,6,6,6,N/A,8,8,8,N/A,8,8,8,8,9,9,9,N/A,9,10,9,N/A,10.25,10.25,11.25,10.25,9.5,9,9.5,9,10,10,10,10,9.75,9.75,10.75,10.75,10,10,10,N/A,10,10,10,N/A
Adrian Peterson,Britt Stewart,Athlete,Texas,United States,38,32,Eliminated Week 4,11,6,6,6,N/A,5,5,5,N/A,5,5,6,6,7,7,7,N/A,0,0,0,N/A,0,0,0,0,0,0,0,0,0,0,0,0,0,0,0,0,0,0,0,N/A,0,0,0,N/A
Matt Walsh,Koko Iwasaki,Comedian,Illinois,United States,58,32,Eliminated Week 1,14,4,4,4,N/A,0,0,0,N/A,0,0,0,0,0,0,0,N/A,0,0,0,N/A,0,0,0,0,0,0,0,0,0,0,0,0,0,0,0,0,0,0,0,N/A,0,0,0,N/A
Tyson Beckford,Jenna Johnson,Model,New York,United States,52,32,Eliminated Week 3,12,4,4,4,N/A,6,6,6,N/A,5,5,5,5,0,0,0,N/A,0,0,0,N/A,0,0,0,0,0,0,0,0,0,0,0,0,0,0,0,0,0,0,0,N/A,0,0,0,N/A
Jason Mraz,Daniella Karagach,Singer/Rapper,Virginia,United States,46,32,2nd Place,2,7,7,7,N/A,8,8,8,N/A,9,8,9,8,8,8,8,N/A,9,9,9,N/A,9.75,9.75,9.75,9.75,8.5,8.5,10,9,8,9,8,8,10.75,10.75,10.75,10.75,9.5,9.5,9.5,N/A,10,10,10,N/A
Lele Pons,Brandon Armstrong,Social Media Personality,,Venezuela,27,32,Eliminated Week 7,8,6,7,6,N/A,7,7,7,N/A,7,6,7,7,7,7,8,N/A,8,8,8,N/A,9,9,9,10,9.5,9,9,9,0,0,0,0,0,0,0,0,0,0,0,N/A,0,0,0,N/A
Harry Jowsey,Rylee Arnold,TV Personality,,Australia,26,32,Eliminated Week 9,6,4,4,4,N/A,5,5,5,N/A,6,5,7,6,7,7,7,N/A,6,6,6,N/A,7.25,7.25,7.25,7.25,8,8,8,8,7,7,7,7,8,7,8,7,0,0,0,N/A,0,0,0,N/A
Mauricio Umansky,Emma Slater,TV Personality,,Mexico,53,32,Eliminated Week 6,9,5,5,5,N/A,4,4,4,N/A,7,5,6,5,7,6,6,N/A,8,8,8,N/A,8.5,8.5,7.5,8.5,0,0,0,0,0,0,0,0,0,0,0,0,0,0,0,N/A,0,0,0,N/A
Charity Lawson,Artem Chigvintsev,TV Personality,Georgia,United States,27,32,4th Place,4,7,7,8,N/A,7,7,7,N/A,8,8,8,8,8,8,8,N/A,10,9,9,N/A,9.75,9.75,8.75,9.75,9,9,9,9,9.75,9.75,9.75,9.75,9,10,9,10,10,9.5,10,N/A,9.5,10,10,N/A
Ariana Madix,Pasha Pashkov,TV Personality,Florida,United States,38,32,3rd Place,3,7,7,7,N/A,6,7,7,N/A,9,8,9,8,8,9,8,N/A,8,8,8,N/A,10,10,10,11,9,9,10,9,9.75,10.75,10.75,10.75,9,9,9,10,9.5,9.5,10,N/A,9.5,10,10,N/A
Tori Spelling,Pasha Pashkov,Actor/Actress,California,United States,51,33,Eliminated Week 2,12,6,6,5,N/A,7,6,6,N/A,0,0,0,0,0,0,0,0,0,0,0,N/A,0,0,0,N/A,0,0,0,N/A,0,0,0,N/A,0,0,0,N/A,N/A,N/A,N/A,N/A,N/A,N/A,N/A,N/A
Eric Roberts,Britt Stewart,Actor/Actress,California,United States,68,33,Eliminated Week 3,10,5,5,5,N/A,6,4,5,N/A,6.5,5.5,5.5,5.5,0,0,0,0,0,0,0,N/A,0,0,0,N/A,0,0,0,N/A,0,0,0,N/A,0,0,0,N/A,N/A,N/A,N/A,N/A,N/A,N/A,N/A,N/A
Reginald VelJohnson,Emma Slater,Actor/Actress,New York,United States,74,33,Eliminated Week 3,10,6,5,5,N/A,6,4,5,N/A,6,5,5,5,0,0,0,0,0,0,0,N/A,0,0,0,N/A,0,0,0,N/A,0,0,0,N/A,0,0,0,N/A,N/A,N/A,N/A,N/A,N/A,N/A,N/A,N/A
Chandler Kinney,Brandon Armstrong,Actor/Actress,California,United States,24,33,3rd Place,3,8,7,8,N/A,8,8,8,N/A,8.5,8.5,9,8.5,8,8,8,8,9,9,9,N/A,10,11,11,N/A,10,10,10,N/A,9.5,9.5,10,N/A,10,10,10,N/A,N/A,N/A,N/A,N/A,N/A,N/A,N/A,N/A
Dwight Howard ,Daniella Karagach,Athlete,Georgia,United States,38,33,Eliminated Week 7,6,8,7,7,N/A,8,7,7,N/A,7,6.5,6,6.5,7,8,7,7,8,8,8,N/A,11,10,10,N/A,8,8,8,N/A,0,0,0,N/A,0,0,0,N/A,N/A,N/A,N/A,N/A,N/A,N/A,N/A,N/A
Danny Amendola,Witney Carson,Athlete,Texas,United States,39,33,5th Place,5,7,6,7,N/A,7,7,7,N/A,7.5,7.5,8,7,9,9,9,9,8.5,8.5,8.5,N/A,10,9,9,N/A,8.5,8.5,8.5,N/A,9,9,9,N/A,9,9.5,9.5,N/A,N/A,N/A,N/A,N/A,N/A,N/A,N/A,N/A
Stephen Nedoroscik,Rylee Arnold,Athlete,Florida,United States,26,33,4th Place,4,7,7,7,N/A,8,7,7,N/A,8,8,7.5,7.5,8,9,8,8,8,8,8,N/A,10,9,9,N/A,9.5,9,8.5,N/A,9,8.5,9,N/A,10,9.5,10,N/A,N/A,N/A,N/A,N/A,N/A,N/A,N/A,N/A
Ilona Maher,Alan Bersten,Athlete,California,United States,28,33,2nd Place,2,6,6,6,N/A,7,7,7,N/A,7.5,7,7,6.5,8,8,8,8,9,8.5,8.5,N/A,8,8,8,N/A,9,8.5,8.5,N/A,9.5,9.5,9.5,N/A,9.5,9.5,9.5,N/A,N/A,N/A,N/A,N/A,N/A,N/A,N/A,N/A
Anna Delvey,Ezra Sosa,Con artist,,Russia,33,33,Eliminated Week 2,12,6,6,6,N/A,6,5,6,N/A,0,0,0,0,0,0,0,0,0,0,0,N/A,0,0,0,N/A,0,0,0,N/A,0,0,0,N/A,0,0,0,N/A,N/A,N/A,N/A,N/A,N/A,N/A,N/A,N/A
Brooks Nader,Gleb Savchenko,Model,New York,United States,27,33,Eliminated Week 4,9,6,6,6,N/A,7,6,7,N/A,7.5,7.5,8,7.5,8,8,8,8,0,0,0,N/A,0,0,0,N/A,0,0,0,N/A,0,0,0,N/A,0,0,0,N/A,N/A,N/A,N/A,N/A,N/A,N/A,N/A,N/A
Phaedra Parks,Val Chmerkovskiy,TV Personality,Georgia,United States,51,33,Eliminated Week 5,8,7,6,6,N/A,7,7,7,N/A,7.5,7.5,6,7,8,8,8,8,8,8,8,N/A,0,0,0,N/A,0,0,0,N/A,0,0,0,N/A,0,0,0,N/A,N/A,N/A,N/A,N/A,N/A,N/A,N/A,N/A
Jenn Tran,Sasha Farber,TV Personality,Florida,United States,26,33,Eliminated Week 6,7,7,6,6,N/A,6,6,7,N/A,8,8,7,8,8,8,8,8,8.5,8.5,8.5,N/A,11,10,10,N/A,0,0,0,N/A,0,0,0,N/A,0,0,0,N/A,N/A,N/A,N/A,N/A,N/A,N/A,N/A,N/A
Joey Graziadei,Jenna Johnson,TV Personality,Louisiana,United States,29,33,1st Place,1,7,7,7,N/A,8,7,7,N/A,9,9,8.5,8.5,9,9,9,9,8.5,8.5,9,N/A,11,10,11,N/A,9,9.5,9,N/A,9.5,10,9.5,N/A,9.5,10,10,N/A,N/A,N/A,N/A,N/A,N/A,N/A,N/A,N/A
Corey Feldman,Jenna Johnson,Actor/Actress,California,United States,54,34,Eliminated Week 2,13,4,5,N/A,N/A,5,5,5,N/A,0,0,0,N/A,0,0,0,N/A,0,0,0,0,0,0,0,0,0,0,0,0,0,0,0,0,0,0,0,0,0,0,0,N/A,0,0,0,N/A
Danielle Fishel,Pasha Pashkov,Actor/Actress,California,United States,44,34,Eliminated Week 8,8,6,6,N/A,N/A,7,6,6,N/A,7,7,7,N/A,7,7,7,N/A,7,7,7,8,9,9,9,9,8.5,8.5,8.5,9.5,9.5,9,9.5,9,0,0,0,0,0,0,0,N/A,0,0,0,N/A
Elaine Hendrix,Alan Bersten (Rashad Jennings week 9),Actor/Actress,Georgia,United States,55,34,5th Place,5,6,6,N/A,N/A,7,7,7,N/A,7,7,7,N/A,8,8,8,N/A,8,7,7,8,9,9,9,9,8,8,8,8,9,9.5,10,9,9,9,9,9,9.5,9.5,9.5,N/A,9.6666,9.6666,9.6666,N/A
Baron Davis,Britt Stewart,Athlete,California,United States,46,34,Eliminated Week 2,13,5,5,N/A,N/A,6,6,6,N/A,0,0,0,N/A,0,0,0,N/A,0,0,0,0,0,0,0,0,0,0,0,0,0,0,0,0,0,0,0,0,0,0,0,N/A,0,0,0,N/A
Jordan Chiles,Ezra Sosa (Apolo Anton Ohno week 9),Athlete,Texas,United States,24,34,3rd Place,3,5,5,N/A,N/A,8,7,7,N/A,8,8,8,N/A,8,8,8,N/A,8,8,8,8,10,9,10,10,10,9,9,10,10,9.5,10,9.5,9.5,10.5,9.5,9.5,9.5,9.5,9.5,N/A,9.6666,10,10,N/A
Andy Richter,Emma Slater/Kaitlyn Bristowe (week 9),Comedian,California,United States,59,34,Eliminated Week 9,7,5,4,N/A,N/A,6,5,5,N/A,6,6,6,N/A,6,6,6,N/A,6,6,6,6,7,6,7,7,7.25,7.25,7.25,7.25,8,8.5,9.5,8,8,7,7,7,0,0,0,N/A,0,0,0,N/A
Robert Irwin,Witney Carson (Xoshitl Gomez week 9),Conservationist,,Australia,22,34,1st Place,1,8,7,N/A,N/A,8,7,7,N/A,8,7,7,N/A,7,7,8,N/A,8,9,9,9,9,9,9,9,10.75,9.75,9.75,10.75,9,9.5,10,9.5,10.5,10.5,10.5,10.5,10,9.5,10,N/A,9.6666,10,10,N/A
Hilaria Baldwin,Gleb Savchenko,Entrepreneur,New York,United States,41,34,Eliminated Week 4,11,7,7,N/A,N/A,7,7,7,N/A,7,8,7,N/A,8,7,8,N/A,0,0,0,0,0,0,0,0,0,0,0,0,0,0,0,0,0,0,0,0,0,0,0,N/A,0,0,0,N/A
Lauren Jauregui,Brandon Armstrong,Singer/Rapper,Florida,United States,29,34,Eliminated Week 3,12,7,6,N/A,N/A,7,7,7,N/A,6,6,6,N/A,0,0,0,N/A,0,0,0,0,0,0,0,0,0,0,0,0,0,0,0,0,0,0,0,0,0,0,0,N/A,0,0,0,N/A
Scott Hoying,Rylee Arnold,Singer/Rapper,California,United States,34,34,Eliminated Week 6,10,5,5,N/A,N/A,6,6,6,N/A,8,7,7,N/A,7,7,7,N/A,7,8,7,8,7,7,7,7,0,0,0,0,0,0,0,0,0,0,0,0,0,0,0,N/A,0,0,0,N/A
Alix Earle,Val Chmerkovskiy (Joey Graziadei week 9),Social media personality,Florida,United States,24,34,2nd Place,2,7,6,N/A,N/A,7,7,7,N/A,8,7,8,N/A,8,8,8,N/A,8,9,9,9,9,9,8,9,11,11,10,11,9.5,10,9.5,9.5,10,10,10,10,9.5,10,9.5,N/A,10,10,10,N/A
Jen Affleck,Jan Ravnik,TV Personality,Utah,United States,26,34,Eliminated Week 7,9,6,6,N/A,N/A,8,7,7,N/A,7,6,6,N/A,7,8,8,N/A,8,7,7,7,8,8,8,8,8.5,8.5,8.5,8.5,0,0,0,0,0,0,0,0,0,0,0,N/A,0,0,0,N/A
Whitney Leavitt,Mark Ballas,TV Personality,Utah,United States,32,34,Eliminated Week 10,6,7,8,N/A,N/A,7,7,8,N/A,8,8,8,N/A,9,8,8,N/A,9,8,8,8,10,9,10,10,10.25,10.25,10.25,11.25,9.5,10,10,10,10.5,10.5,10.5,10.5,9,10,10,N/A,0,0,0,N/A
Dylan Efron,Daniella Karagach (Rumer Willis week 9),TV Personality,California,United States,33,34,4th Place,4,5,5,N/A,N/A,7,6,7,N/A,7,8,8,N/A,7,8,8,N/A,9,9,9,9,8,8,8,8,9.75,9.75,8.75,9.75,9,9.5,10,9.5,10.5,10.5,10.5,10.5,9,9,9.5,N/A,9.6666,9.6666,10,N/A
